run_id,recorded_at_kst,experiment_kind,config_ref,seed,scene_id,split,model_ref,true_class,predicted_class,class_score,pose_source,attempt_index,grasp_strategy,lift_success,drop_detected,predicted_bin_arrival,true_bin_arrival,failure_reason,position_error_m,yaw_error_rad,sim_duration_s,wall_duration_s,artifact_ref,notes
20261004T180422_976777,2026-10-04T18:04:22.976777+09:00,contact_grasp_normal,outputs/contact-grasp/20261004T180422_976777/config.json,,fixed-cuboid-normal-1,,,cuboid,,,oracle,0,top_down_ik_contact,1,0,,,,,,12.05,0.43872078099957434,outputs/contact-grasp/20261004T180422_976777/normal_1.jsonl,fixed settings; no random sampling; place_on_table=True; expectation_met=True; hold_min_bottom_height_m=0.09995614117313667; not camera/bin evaluation
20261004T180422_976777,2026-10-04T18:04:22.976777+09:00,contact_grasp_normal,outputs/contact-grasp/20261004T180422_976777/config.json,,fixed-cuboid-normal-2,,,cuboid,,,oracle,0,top_down_ik_contact,1,0,,,,,,12.05,0.27697202500075946,outputs/contact-grasp/20261004T180422_976777/normal_2.jsonl,fixed settings; no random sampling; place_on_table=True; expectation_met=True; hold_min_bottom_height_m=0.09995614117313667; not camera/bin evaluation
20261004T180422_976777,2026-10-04T18:04:22.976777+09:00,contact_grasp_normal,outputs/contact-grasp/20261004T180422_976777/config.json,,fixed-cuboid-normal-3,,,cuboid,,,oracle,0,top_down_ik_contact,1,0,,,,,,12.05,0.26093526000022393,outputs/contact-grasp/20261004T180422_976777/normal_3.jsonl,fixed settings; no random sampling; place_on_table=True; expectation_met=True; hold_min_bottom_height_m=0.09995614117313667; not camera/bin evaluation
20261004T180422_976777,2026-10-04T18:04:22.976777+09:00,contact_grasp_normal,outputs/contact-grasp/20261004T180422_976777/config.json,,fixed-cuboid-normal-4,,,cuboid,,,oracle,0,top_down_ik_contact,1,0,,,,,,12.05,0.2649042190005275,outputs/contact-grasp/20261004T180422_976777/normal_4.jsonl,fixed settings; no random sampling; place_on_table=True; expectation_met=True; hold_min_bottom_height_m=0.09995614117313667; not camera/bin evaluation
20261004T180422_976777,2026-10-04T18:04:22.976777+09:00,contact_grasp_normal,outputs/contact-grasp/20261004T180422_976777/config.json,,fixed-cuboid-normal-5,,,cuboid,,,oracle,0,top_down_ik_contact,1,0,,,,,,12.05,0.266581564000262,outputs/contact-grasp/20261004T180422_976777/normal_5.jsonl,fixed settings; no random sampling; place_on_table=True; expectation_met=True; hold_min_bottom_height_m=0.09995614117313667; not camera/bin evaluation
20261004T180422_976777,2026-10-04T18:04:22.976777+09:00,contact_grasp_normal,outputs/contact-grasp/20261004T180422_976777/config.json,,fixed-cuboid-normal-6,,,cuboid,,,oracle,0,top_down_ik_contact,1,0,,,,,,12.05,0.26406687399958173,outputs/contact-grasp/20261004T180422_976777/normal_6.jsonl,fixed settings; no random sampling; place_on_table=True; expectation_met=True; hold_min_bottom_height_m=0.09995614117313667; not camera/bin evaluation
20261004T180422_976777,2026-10-04T18:04:22.976777+09:00,contact_grasp_normal,outputs/contact-grasp/20261004T180422_976777/config.json,,fixed-cuboid-normal-7,,,cuboid,,,oracle,0,top_down_ik_contact,1,0,,,,,,12.05,0.2638875470001949,outputs/contact-grasp/20261004T180422_976777/normal_7.jsonl,fixed settings; no random sampling; place_on_table=True; expectation_met=True; hold_min_bottom_height_m=0.09995614117313667; not camera/bin evaluation
20261004T180422_976777,2026-10-04T18:04:22.976777+09:00,contact_grasp_normal,outputs/contact-grasp/20261004T180422_976777/config.json,,fixed-cuboid-normal-8,,,cuboid,,,oracle,0,top_down_ik_contact,1,0,,,,,,12.05,0.26201740099986637,outputs/contact-grasp/20261004T180422_976777/normal_8.jsonl,fixed settings; no random sampling; place_on_table=True; expectation_met=True; hold_min_bottom_height_m=0.09995614117313667; not camera/bin evaluation
20261004T180422_976777,2026-10-04T18:04:22.976777+09:00,contact_grasp_normal,outputs/contact-grasp/20261004T180422_976777/config.json,,fixed-cuboid-normal-9,,,cuboid,,,oracle,0,top_down_ik_contact,1,0,,,,,,12.05,0.2614316850003888,outputs/contact-grasp/20261004T180422_976777/normal_9.jsonl,fixed settings; no random sampling; place_on_table=True; expectation_met=True; hold_min_bottom_height_m=0.09995614117313667; not camera/bin evaluation
20261004T180422_976777,2026-10-04T18:04:22.976777+09:00,contact_grasp_normal,outputs/contact-grasp/20261004T180422_976777/config.json,,fixed-cuboid-normal-10,,,cuboid,,,oracle,0,top_down_ik_contact,1,0,,,,,,12.05,0.262062163000337,outputs/contact-grasp/20261004T180422_976777/normal_10.jsonl,fixed settings; no random sampling; place_on_table=True; expectation_met=True; hold_min_bottom_height_m=0.09995614117313667; not camera/bin evaluation
20261004T180422_976777,2026-10-04T18:04:22.976777+09:00,contact_grasp_miss,outputs/contact-grasp/20261004T180422_976777/config.json,,fixed-cuboid-miss-1,,,cuboid,,,oracle,0,top_down_ik_contact,0,,,,lift_not_verified,,,7.75,0.19730660799996258,outputs/contact-grasp/20261004T180422_976777/miss_1.jsonl,fixed settings; no random sampling; place_on_table=False; expectation_met=True; hold_min_bottom_height_m=-1.2981815035617572e-05; not camera/bin evaluation
20261004T180422_976777,2026-10-04T18:04:22.976777+09:00,contact_grasp_open,outputs/contact-grasp/20261004T180422_976777/config.json,,fixed-cuboid-open-1,,,cuboid,,,oracle,0,top_down_ik_contact,1,1,,,drop_after_open,,,9.25,0.20836920700003247,outputs/contact-grasp/20261004T180422_976777/open_1.jsonl,fixed settings; no random sampling; place_on_table=False; expectation_met=True; hold_min_bottom_height_m=0.09995614117313667; not camera/bin evaluation
20261004T180422_976777,2026-10-04T18:04:22.976777+09:00,contact_grasp_support,outputs/contact-grasp/20261004T180422_976777/config.json,,fixed-cuboid-support-1,,,cuboid,,,oracle,0,support_negative_control,0,,,,supported_by_pedestal,,,2.0,0.07273513599920989,outputs/contact-grasp/20261004T180422_976777/support_1.jsonl,fixed settings; no random sampling; place_on_table=False; expectation_met=True; hold_min_bottom_height_m=0.09998701810990274; not camera/bin evaluation
20261004T183452_711685,2026-10-04T18:34:52.711685+09:00,bin_transport,outputs/contact-grasp/20261004T183452_711685/config.json,,fixed-bin-transport-1,,,cuboid,,,oracle,0,top_down_ik_contact,1,0,,,,,,16.05,0.7712307649999275,outputs/contact-grasp/20261004T183452_711685/transport_1.jsonl,fixed settings; no CNN/camera; expected_bin=blue; commanded_bin=blue; commanded_bin_arrival=True; designated_arrival=True; expectation_met=True
20261004T183452_711685,2026-10-04T18:34:52.711685+09:00,bin_transport,outputs/contact-grasp/20261004T183452_711685/config.json,,fixed-bin-transport-2,,,cuboid,,,oracle,0,top_down_ik_contact,1,0,,,,,,16.05,0.4620931190002011,outputs/contact-grasp/20261004T183452_711685/transport_2.jsonl,fixed settings; no CNN/camera; expected_bin=blue; commanded_bin=blue; commanded_bin_arrival=True; designated_arrival=True; expectation_met=True
20261004T183452_711685,2026-10-04T18:34:52.711685+09:00,bin_transport,outputs/contact-grasp/20261004T183452_711685/config.json,,fixed-bin-transport-3,,,cuboid,,,oracle,0,top_down_ik_contact,1,0,,,,,,16.05,0.4638915289997385,outputs/contact-grasp/20261004T183452_711685/transport_3.jsonl,fixed settings; no CNN/camera; expected_bin=blue; commanded_bin=blue; commanded_bin_arrival=True; designated_arrival=True; expectation_met=True
20261004T183452_711685,2026-10-04T18:34:52.711685+09:00,bin_transport,outputs/contact-grasp/20261004T183452_711685/config.json,,fixed-bin-transport-4,,,cuboid,,,oracle,0,top_down_ik_contact,1,0,,,,,,16.05,0.4630493690001458,outputs/contact-grasp/20261004T183452_711685/transport_4.jsonl,fixed settings; no CNN/camera; expected_bin=blue; commanded_bin=blue; commanded_bin_arrival=True; designated_arrival=True; expectation_met=True
20261004T183452_711685,2026-10-04T18:34:52.711685+09:00,bin_transport,outputs/contact-grasp/20261004T183452_711685/config.json,,fixed-bin-transport-5,,,cuboid,,,oracle,0,top_down_ik_contact,1,0,,,,,,16.05,0.7714045320008154,outputs/contact-grasp/20261004T183452_711685/transport_5.jsonl,fixed settings; no CNN/camera; expected_bin=blue; commanded_bin=blue; commanded_bin_arrival=True; designated_arrival=True; expectation_met=True
20261004T183452_711685,2026-10-04T18:34:52.711685+09:00,bin_transport,outputs/contact-grasp/20261004T183452_711685/config.json,,fixed-bin-transport-6,,,cuboid,,,oracle,0,top_down_ik_contact,1,0,,,,,,16.05,0.49393695700018725,outputs/contact-grasp/20261004T183452_711685/transport_6.jsonl,fixed settings; no CNN/camera; expected_bin=blue; commanded_bin=blue; commanded_bin_arrival=True; designated_arrival=True; expectation_met=True
20261004T183452_711685,2026-10-04T18:34:52.711685+09:00,bin_transport,outputs/contact-grasp/20261004T183452_711685/config.json,,fixed-bin-transport-7,,,cuboid,,,oracle,0,top_down_ik_contact,1,0,,,,,,16.05,0.46004087000073923,outputs/contact-grasp/20261004T183452_711685/transport_7.jsonl,fixed settings; no CNN/camera; expected_bin=blue; commanded_bin=blue; commanded_bin_arrival=True; designated_arrival=True; expectation_met=True
20261004T183452_711685,2026-10-04T18:34:52.711685+09:00,bin_transport,outputs/contact-grasp/20261004T183452_711685/config.json,,fixed-bin-transport-8,,,cuboid,,,oracle,0,top_down_ik_contact,1,0,,,,,,16.05,0.4636153800001921,outputs/contact-grasp/20261004T183452_711685/transport_8.jsonl,fixed settings; no CNN/camera; expected_bin=blue; commanded_bin=blue; commanded_bin_arrival=True; designated_arrival=True; expectation_met=True
20261004T183452_711685,2026-10-04T18:34:52.711685+09:00,bin_transport,outputs/contact-grasp/20261004T183452_711685/config.json,,fixed-bin-transport-9,,,cuboid,,,oracle,0,top_down_ik_contact,1,0,,,,,,16.05,0.4665547570002673,outputs/contact-grasp/20261004T183452_711685/transport_9.jsonl,fixed settings; no CNN/camera; expected_bin=blue; commanded_bin=blue; commanded_bin_arrival=True; designated_arrival=True; expectation_met=True
20261004T183452_711685,2026-10-04T18:34:52.711685+09:00,bin_transport,outputs/contact-grasp/20261004T183452_711685/config.json,,fixed-bin-transport-10,,,cuboid,,,oracle,0,top_down_ik_contact,1,0,,,,,,16.05,0.46307612099917606,outputs/contact-grasp/20261004T183452_711685/transport_10.jsonl,fixed settings; no CNN/camera; expected_bin=blue; commanded_bin=blue; commanded_bin_arrival=True; designated_arrival=True; expectation_met=True
20261004T183452_711685,2026-10-04T18:34:52.711685+09:00,bin_transport_drop,outputs/contact-grasp/20261004T183452_711685/config.json,,fixed-bin-transport_drop-1,,,cuboid,,,oracle,0,top_down_ik_contact,1,1,,,drop_during_transport,,,12.45,0.34941684899968095,outputs/contact-grasp/20261004T183452_711685/transport_drop_1.jsonl,fixed settings; no CNN/camera; expected_bin=blue; commanded_bin=blue; commanded_bin_arrival=False; designated_arrival=False; expectation_met=True
20261004T183452_711685,2026-10-04T18:34:52.711685+09:00,bin_wrong_bin,outputs/contact-grasp/20261004T183452_711685/config.json,,fixed-bin-wrong_bin-1,,,cuboid,,,oracle,0,top_down_ik_contact,1,0,,,wrong_bin_arrival,,,16.05,0.4658961770001042,outputs/contact-grasp/20261004T183452_711685/wrong_bin_1.jsonl,fixed settings; no CNN/camera; expected_bin=blue; commanded_bin=green; commanded_bin_arrival=True; designated_arrival=False; expectation_met=True
20261004T191942_593822,2026-10-04T19:19:42.593822+09:00,rgbd_transport,outputs/rgbd-validation/20261004T191653/angle_65/config.json,,angle_65-transport-1,,,cuboid,,,camera,0,rgbd_top_surface_ik_contact,1,0,,,,0.0003352113174524061,,16.05,0.9619817910006532,outputs/rgbd-validation/20261004T191653/angle_65/transport_1.jsonl,"spawn_xy_yaw=[0.5, 0.0, 0.0]; manual_expected_bin=blue; arrival_success=True; bin_arrivals={'blue': True, 'green': False}; expectation_met=True; no CNN evaluation"
20261004T191943_739619,2026-10-04T19:19:43.739619+09:00,rgbd_transport,outputs/rgbd-validation/20261004T191653/angle_90/config.json,,angle_90-transport-1,,,cuboid,,,camera,0,rgbd_top_surface_ik_contact,1,0,,,,8.829465184278575e-06,,16.05,0.9710307079985796,outputs/rgbd-validation/20261004T191653/angle_90/transport_1.jsonl,"spawn_xy_yaw=[0.5, 0.0, 0.0]; manual_expected_bin=blue; arrival_success=True; bin_arrivals={'blue': True, 'green': False}; expectation_met=True; no CNN evaluation"
20261004T191706_417645,2026-10-04T19:17:06.417645+09:00,rgbd_camera_empty,outputs/rgbd-validation/20261004T191653/empty/config.json,,empty-camera_empty-1,,,,,,camera,0,rgbd_top_surface_ik_contact,0,0,,,no_object,,,1.0,0.5334616359996289,outputs/rgbd-validation/20261004T191653/empty/camera_empty_1.jsonl,"spawn_xy_yaw=[0.5, 0.0, 0.0]; manual_expected_bin=blue; arrival_success=False; bin_arrivals={}; expectation_met=True; no CNN evaluation"
20261004T191800_520091,2026-10-04T19:18:00.520091+09:00,rgbd_transport,outputs/rgbd-validation/20261004T191653/gui/config.json,,gui-transport-1,,,cuboid,,,camera,0,rgbd_top_surface_ik_contact,1,0,,,,0.00021945591423623998,,16.05,18.986514721000276,outputs/rgbd-validation/20261004T191653/gui/transport_1.jsonl,"spawn_xy_yaw=[0.48, -0.025, -0.35]; manual_expected_bin=blue; arrival_success=True; bin_arrivals={'blue': True, 'green': False}; expectation_met=True; no CNN evaluation"
20261004T191704_170899,2026-10-04T19:17:04.170899+09:00,rgbd_transport,outputs/rgbd-validation/20261004T191653/offset_left/config.json,,offset_left-transport-1,,,cuboid,,,camera,0,rgbd_top_surface_ik_contact,1,0,,,,0.00021945591423623998,,16.05,0.9551972089993797,outputs/rgbd-validation/20261004T191653/offset_left/transport_1.jsonl,"spawn_xy_yaw=[0.48, -0.025, -0.35]; manual_expected_bin=blue; arrival_success=True; bin_arrivals={'blue': True, 'green': False}; expectation_met=True; no CNN evaluation"
20261004T191705_260604,2026-10-04T19:17:05.260604+09:00,rgbd_transport,outputs/rgbd-validation/20261004T191653/offset_right/config.json,,offset_right-transport-1,,,cuboid,,,camera,0,rgbd_top_surface_ik_contact,1,0,,,,0.00011511993652523507,,16.05,0.9927986300008342,outputs/rgbd-validation/20261004T191653/offset_right/transport_1.jsonl,"spawn_xy_yaw=[0.52, 0.025, 0.6]; manual_expected_bin=blue; arrival_success=True; bin_arrivals={'blue': True, 'green': False}; expectation_met=True; no CNN evaluation"
20261004T191653_982743,2026-10-04T19:16:53.982743+09:00,rgbd_transport,outputs/rgbd-validation/20261004T191653/repeat/config.json,,repeat-transport-1,,,cuboid,,,camera,0,rgbd_top_surface_ik_contact,1,0,,,,0.0002961841644444211,,16.05,0.9528934680001839,outputs/rgbd-validation/20261004T191653/repeat/transport_1.jsonl,"spawn_xy_yaw=[0.5, 0.0, 0.0]; manual_expected_bin=blue; arrival_success=True; bin_arrivals={'blue': True, 'green': False}; expectation_met=True; no CNN evaluation"
20261004T191653_982743,2026-10-04T19:16:53.982743+09:00,rgbd_transport,outputs/rgbd-validation/20261004T191653/repeat/config.json,,repeat-transport-2,,,cuboid,,,camera,0,rgbd_top_surface_ik_contact,1,0,,,,0.0002961841644444211,,16.05,0.8507201110005553,outputs/rgbd-validation/20261004T191653/repeat/transport_2.jsonl,"spawn_xy_yaw=[0.5, 0.0, 0.0]; manual_expected_bin=blue; arrival_success=True; bin_arrivals={'blue': True, 'green': False}; expectation_met=True; no CNN evaluation"
20261004T191653_982743,2026-10-04T19:16:53.982743+09:00,rgbd_transport,outputs/rgbd-validation/20261004T191653/repeat/config.json,,repeat-transport-3,,,cuboid,,,camera,0,rgbd_top_surface_ik_contact,1,0,,,,0.0002961841644444211,,16.05,0.8391222350001044,outputs/rgbd-validation/20261004T191653/repeat/transport_3.jsonl,"spawn_xy_yaw=[0.5, 0.0, 0.0]; manual_expected_bin=blue; arrival_success=True; bin_arrivals={'blue': True, 'green': False}; expectation_met=True; no CNN evaluation"
20261004T191653_982743,2026-10-04T19:16:53.982743+09:00,rgbd_transport,outputs/rgbd-validation/20261004T191653/repeat/config.json,,repeat-transport-4,,,cuboid,,,camera,0,rgbd_top_surface_ik_contact,1,0,,,,0.0002961841644444211,,16.05,0.8314354640006059,outputs/rgbd-validation/20261004T191653/repeat/transport_4.jsonl,"spawn_xy_yaw=[0.5, 0.0, 0.0]; manual_expected_bin=blue; arrival_success=True; bin_arrivals={'blue': True, 'green': False}; expectation_met=True; no CNN evaluation"
20261004T191653_982743,2026-10-04T19:16:53.982743+09:00,rgbd_transport,outputs/rgbd-validation/20261004T191653/repeat/config.json,,repeat-transport-5,,,cuboid,,,camera,0,rgbd_top_surface_ik_contact,1,0,,,,0.0002961841644444211,,16.05,0.8390013289990748,outputs/rgbd-validation/20261004T191653/repeat/transport_5.jsonl,"spawn_xy_yaw=[0.5, 0.0, 0.0]; manual_expected_bin=blue; arrival_success=True; bin_arrivals={'blue': True, 'green': False}; expectation_met=True; no CNN evaluation"
20261004T191653_982743,2026-10-04T19:16:53.982743+09:00,rgbd_transport,outputs/rgbd-validation/20261004T191653/repeat/config.json,,repeat-transport-6,,,cuboid,,,camera,0,rgbd_top_surface_ik_contact,1,0,,,,0.0002961841644444211,,16.05,0.8313388540009328,outputs/rgbd-validation/20261004T191653/repeat/transport_6.jsonl,"spawn_xy_yaw=[0.5, 0.0, 0.0]; manual_expected_bin=blue; arrival_success=True; bin_arrivals={'blue': True, 'green': False}; expectation_met=True; no CNN evaluation"
20261004T191653_982743,2026-10-04T19:16:53.982743+09:00,rgbd_transport,outputs/rgbd-validation/20261004T191653/repeat/config.json,,repeat-transport-7,,,cuboid,,,camera,0,rgbd_top_surface_ik_contact,1,0,,,,0.0002961841644444211,,16.05,0.830676219000452,outputs/rgbd-validation/20261004T191653/repeat/transport_7.jsonl,"spawn_xy_yaw=[0.5, 0.0, 0.0]; manual_expected_bin=blue; arrival_success=True; bin_arrivals={'blue': True, 'green': False}; expectation_met=True; no CNN evaluation"
20261004T191653_982743,2026-10-04T19:16:53.982743+09:00,rgbd_transport,outputs/rgbd-validation/20261004T191653/repeat/config.json,,repeat-transport-8,,,cuboid,,,camera,0,rgbd_top_surface_ik_contact,1,0,,,,0.0002961841644444211,,16.05,0.8350121729999955,outputs/rgbd-validation/20261004T191653/repeat/transport_8.jsonl,"spawn_xy_yaw=[0.5, 0.0, 0.0]; manual_expected_bin=blue; arrival_success=True; bin_arrivals={'blue': True, 'green': False}; expectation_met=True; no CNN evaluation"
20261004T191653_982743,2026-10-04T19:16:53.982743+09:00,rgbd_transport,outputs/rgbd-validation/20261004T191653/repeat/config.json,,repeat-transport-9,,,cuboid,,,camera,0,rgbd_top_surface_ik_contact,1,0,,,,0.0002961841644444211,,16.05,0.8454198159997759,outputs/rgbd-validation/20261004T191653/repeat/transport_9.jsonl,"spawn_xy_yaw=[0.5, 0.0, 0.0]; manual_expected_bin=blue; arrival_success=True; bin_arrivals={'blue': True, 'green': False}; expectation_met=True; no CNN evaluation"
20261004T191653_982743,2026-10-04T19:16:53.982743+09:00,rgbd_transport,outputs/rgbd-validation/20261004T191653/repeat/config.json,,repeat-transport-10,,,cuboid,,,camera,0,rgbd_top_surface_ik_contact,1,0,,,,0.0002961841644444211,,16.05,0.8376788000005035,outputs/rgbd-validation/20261004T191653/repeat/transport_10.jsonl,"spawn_xy_yaw=[0.5, 0.0, 0.0]; manual_expected_bin=blue; arrival_success=True; bin_arrivals={'blue': True, 'green': False}; expectation_met=True; no CNN evaluation"
20261004T191653_982743,2026-10-04T19:16:53.982743+09:00,rgbd_transport_drop,outputs/rgbd-validation/20261004T191653/repeat/config.json,,repeat-transport_drop-1,,,cuboid,,,camera,0,rgbd_top_surface_ik_contact,1,1,,,drop_during_transport,0.0002961841644444211,,12.45,0.712867862001076,outputs/rgbd-validation/20261004T191653/repeat/transport_drop_1.jsonl,"spawn_xy_yaw=[0.5, 0.0, 0.0]; manual_expected_bin=blue; arrival_success=False; bin_arrivals={'blue': False, 'green': False}; expectation_met=True; no CNN evaluation"
20261004T191653_982743,2026-10-04T19:16:53.982743+09:00,rgbd_wrong_bin,outputs/rgbd-validation/20261004T191653/repeat/config.json,,repeat-wrong_bin-1,,,cuboid,,,camera,0,rgbd_top_surface_ik_contact,1,0,,,wrong_bin_arrival,0.0002961841644444211,,16.05,0.8374496729993552,outputs/rgbd-validation/20261004T191653/repeat/wrong_bin_1.jsonl,"spawn_xy_yaw=[0.5, 0.0, 0.0]; manual_expected_bin=blue; arrival_success=False; bin_arrivals={'blue': False, 'green': True}; expectation_met=True; no CNN evaluation"
20261004T221705_248476,2026-10-04T22:17:05.248476+09:00,cylinder_transport,outputs/cylinder-validation/20261004T221654/small_left/config.json,,small_left-transport-1,,,cylinder,,,camera,0,rgbd_top_geometry_ik_contact,1,0,,,"tcp_not_reached: position=0.008052, orientation=0.015286",0.0007369994358281213,,13.0,0.9126502250001067,outputs/cylinder-validation/20261004T221654/small_left/transport_1.jsonl,"diameter_m=0.025; height_m=0.03; spawn=[0.48, -0.025, 0.0]; shape_source=manual; arrival_success=False; bin_arrivals={}; expectation_met=False; pre_fix_palm_collision=True; no CNN evaluation"
20261004T222233_564116,2026-10-04T22:22:33.564116+09:00,cylinder_camera_empty,outputs/cylinder-validation/20261004T222218/empty/config.json,,empty-camera_empty-1,,,,,,camera,0,rgbd_top_geometry_ik_contact,0,0,,,no_object,,,1.0,0.566755733001628,outputs/cylinder-validation/20261004T222218/empty/camera_empty_1.jsonl,"diameter_m=0.03; height_m=0.04; spawn=[0.5, 0.0, 0.0]; shape_source=manual; arrival_success=False; bin_arrivals={}; expectation_met=True; pre_fix_palm_collision=False; no CNN evaluation"
20261004T222319_675694,2026-10-04T22:23:19.675694+09:00,cylinder_transport,outputs/cylinder-validation/20261004T222218/gui/config.json,,gui-transport-1,,,cylinder,,,camera,0,rgbd_top_geometry_ik_contact,1,0,,,,0.0007369994358281213,,16.05,18.999896155000897,outputs/cylinder-validation/20261004T222218/gui/transport_1.jsonl,"diameter_m=0.025; height_m=0.03; spawn=[0.48, -0.025, 0.0]; shape_source=manual; arrival_success=True; bin_arrivals={'blue': True, 'green': False}; expectation_met=True; pre_fix_palm_collision=False; no CNN evaluation"
20261004T222229_684403,2026-10-04T22:22:29.684403+09:00,cylinder_transport,outputs/cylinder-validation/20261004T222218/large_right/config.json,,large_right-transport-1,,,cylinder,,,camera,0,rgbd_top_geometry_ik_contact,1,0,,,,0.000446375837448493,,16.05,0.9898597920000611,outputs/cylinder-validation/20261004T222218/large_right/transport_1.jsonl,"diameter_m=0.04; height_m=0.05; spawn=[0.52, 0.025, 0.0]; shape_source=manual; arrival_success=True; bin_arrivals={'blue': True, 'green': False}; expectation_met=True; pre_fix_palm_collision=False; no CNN evaluation"
20261004T222231_927051,2026-10-04T22:22:31.927051+09:00,cylinder_miss,outputs/cylinder-validation/20261004T222218/miss/config.json,,miss-miss-1,,,cylinder,,,camera,0,rgbd_top_geometry_ik_contact,0,0,,,lift_not_verified,0.0005951254334996541,,7.75,0.660773113999312,outputs/cylinder-validation/20261004T222218/miss/miss_1.jsonl,"diameter_m=0.03; height_m=0.04; spawn=[0.5, 0.0, 0.0]; shape_source=manual; arrival_success=False; bin_arrivals={}; expectation_met=True; pre_fix_palm_collision=False; no CNN evaluation"
20261004T222232_730864,2026-10-04T22:22:32.730864+09:00,cylinder_open,outputs/cylinder-validation/20261004T222218/open/config.json,,open-open-1,,,cylinder,,,camera,0,rgbd_top_geometry_ik_contact,1,1,,,drop_after_open,0.0005951254334996541,,9.25,0.6994119880000653,outputs/cylinder-validation/20261004T222218/open/open_1.jsonl,"diameter_m=0.03; height_m=0.04; spawn=[0.5, 0.0, 0.0]; shape_source=manual; arrival_success=False; bin_arrivals={}; expectation_met=True; pre_fix_palm_collision=False; no CNN evaluation"
20261004T222218_107442,2026-10-04T22:22:18.107442+09:00,cylinder_transport,outputs/cylinder-validation/20261004T222218/repeat/config.json,,repeat-transport-1,,,cylinder,,,camera,0,rgbd_top_geometry_ik_contact,1,0,,,,0.0005951254334996541,,16.05,0.982957255000656,outputs/cylinder-validation/20261004T222218/repeat/transport_1.jsonl,"diameter_m=0.03; height_m=0.04; spawn=[0.5, 0.0, 0.0]; shape_source=manual; arrival_success=True; bin_arrivals={'blue': True, 'green': False}; expectation_met=True; pre_fix_palm_collision=False; no CNN evaluation"
20261004T222218_107442,2026-10-04T22:22:18.107442+09:00,cylinder_transport,outputs/cylinder-validation/20261004T222218/repeat/config.json,,repeat-transport-2,,,cylinder,,,camera,0,rgbd_top_geometry_ik_contact,1,0,,,,0.0005951254334996541,,16.05,0.8649829490022967,outputs/cylinder-validation/20261004T222218/repeat/transport_2.jsonl,"diameter_m=0.03; height_m=0.04; spawn=[0.5, 0.0, 0.0]; shape_source=manual; arrival_success=True; bin_arrivals={'blue': True, 'green': False}; expectation_met=True; pre_fix_palm_collision=False; no CNN evaluation"
20261004T222218_107442,2026-10-04T22:22:18.107442+09:00,cylinder_transport,outputs/cylinder-validation/20261004T222218/repeat/config.json,,repeat-transport-3,,,cylinder,,,camera,0,rgbd_top_geometry_ik_contact,1,0,,,,0.0005951254334996541,,16.05,0.8367373569999472,outputs/cylinder-validation/20261004T222218/repeat/transport_3.jsonl,"diameter_m=0.03; height_m=0.04; spawn=[0.5, 0.0, 0.0]; shape_source=manual; arrival_success=True; bin_arrivals={'blue': True, 'green': False}; expectation_met=True; pre_fix_palm_collision=False; no CNN evaluation"
20261004T222218_107442,2026-10-04T22:22:18.107442+09:00,cylinder_transport,outputs/cylinder-validation/20261004T222218/repeat/config.json,,repeat-transport-4,,,cylinder,,,camera,0,rgbd_top_geometry_ik_contact,1,0,,,,0.0005951254334996541,,16.05,0.8426970309992612,outputs/cylinder-validation/20261004T222218/repeat/transport_4.jsonl,"diameter_m=0.03; height_m=0.04; spawn=[0.5, 0.0, 0.0]; shape_source=manual; arrival_success=True; bin_arrivals={'blue': True, 'green': False}; expectation_met=True; pre_fix_palm_collision=False; no CNN evaluation"
20261004T222218_107442,2026-10-04T22:22:18.107442+09:00,cylinder_transport,outputs/cylinder-validation/20261004T222218/repeat/config.json,,repeat-transport-5,,,cylinder,,,camera,0,rgbd_top_geometry_ik_contact,1,0,,,,0.0005951254334996541,,16.05,0.853216537998378,outputs/cylinder-validation/20261004T222218/repeat/transport_5.jsonl,"diameter_m=0.03; height_m=0.04; spawn=[0.5, 0.0, 0.0]; shape_source=manual; arrival_success=True; bin_arrivals={'blue': True, 'green': False}; expectation_met=True; pre_fix_palm_collision=False; no CNN evaluation"
20261004T222218_107442,2026-10-04T22:22:18.107442+09:00,cylinder_transport,outputs/cylinder-validation/20261004T222218/repeat/config.json,,repeat-transport-6,,,cylinder,,,camera,0,rgbd_top_geometry_ik_contact,1,0,,,,0.0005951254334996541,,16.05,0.859819156001322,outputs/cylinder-validation/20261004T222218/repeat/transport_6.jsonl,"diameter_m=0.03; height_m=0.04; spawn=[0.5, 0.0, 0.0]; shape_source=manual; arrival_success=True; bin_arrivals={'blue': True, 'green': False}; expectation_met=True; pre_fix_palm_collision=False; no CNN evaluation"
20261004T222218_107442,2026-10-04T22:22:18.107442+09:00,cylinder_transport,outputs/cylinder-validation/20261004T222218/repeat/config.json,,repeat-transport-7,,,cylinder,,,camera,0,rgbd_top_geometry_ik_contact,1,0,,,,0.0005951254334996541,,16.05,0.8926515159982955,outputs/cylinder-validation/20261004T222218/repeat/transport_7.jsonl,"diameter_m=0.03; height_m=0.04; spawn=[0.5, 0.0, 0.0]; shape_source=manual; arrival_success=True; bin_arrivals={'blue': True, 'green': False}; expectation_met=True; pre_fix_palm_collision=False; no CNN evaluation"
20261004T222218_107442,2026-10-04T22:22:18.107442+09:00,cylinder_transport,outputs/cylinder-validation/20261004T222218/repeat/config.json,,repeat-transport-8,,,cylinder,,,camera,0,rgbd_top_geometry_ik_contact,1,0,,,,0.0005951254334996541,,16.05,0.8498432399974263,outputs/cylinder-validation/20261004T222218/repeat/transport_8.jsonl,"diameter_m=0.03; height_m=0.04; spawn=[0.5, 0.0, 0.0]; shape_source=manual; arrival_success=True; bin_arrivals={'blue': True, 'green': False}; expectation_met=True; pre_fix_palm_collision=False; no CNN evaluation"
20261004T222218_107442,2026-10-04T22:22:18.107442+09:00,cylinder_transport,outputs/cylinder-validation/20261004T222218/repeat/config.json,,repeat-transport-9,,,cylinder,,,camera,0,rgbd_top_geometry_ik_contact,1,0,,,,0.0005951254334996541,,16.05,0.8562954699991678,outputs/cylinder-validation/20261004T222218/repeat/transport_9.jsonl,"diameter_m=0.03; height_m=0.04; spawn=[0.5, 0.0, 0.0]; shape_source=manual; arrival_success=True; bin_arrivals={'blue': True, 'green': False}; expectation_met=True; pre_fix_palm_collision=False; no CNN evaluation"
20261004T222218_107442,2026-10-04T22:22:18.107442+09:00,cylinder_transport,outputs/cylinder-validation/20261004T222218/repeat/config.json,,repeat-transport-10,,,cylinder,,,camera,0,rgbd_top_geometry_ik_contact,1,0,,,,0.0005951254334996541,,16.05,0.8547441580012674,outputs/cylinder-validation/20261004T222218/repeat/transport_10.jsonl,"diameter_m=0.03; height_m=0.04; spawn=[0.5, 0.0, 0.0]; shape_source=manual; arrival_success=True; bin_arrivals={'blue': True, 'green': False}; expectation_met=True; pre_fix_palm_collision=False; no CNN evaluation"
20261004T222218_107442,2026-10-04T22:22:18.107442+09:00,cylinder_transport_drop,outputs/cylinder-validation/20261004T222218/repeat/config.json,,repeat-transport_drop-1,,,cylinder,,,camera,0,rgbd_top_geometry_ik_contact,1,1,,,drop_during_transport,0.0005951254334996541,,12.45,0.7384325480015832,outputs/cylinder-validation/20261004T222218/repeat/transport_drop_1.jsonl,"diameter_m=0.03; height_m=0.04; spawn=[0.5, 0.0, 0.0]; shape_source=manual; arrival_success=False; bin_arrivals={'blue': False, 'green': False}; expectation_met=True; pre_fix_palm_collision=False; no CNN evaluation"
20261004T222218_107442,2026-10-04T22:22:18.107442+09:00,cylinder_wrong_bin,outputs/cylinder-validation/20261004T222218/repeat/config.json,,repeat-wrong_bin-1,,,cylinder,,,camera,0,rgbd_top_geometry_ik_contact,1,0,,,wrong_bin_arrival,0.0005951254334996541,,16.05,0.8589189910017012,outputs/cylinder-validation/20261004T222218/repeat/wrong_bin_1.jsonl,"diameter_m=0.03; height_m=0.04; spawn=[0.5, 0.0, 0.0]; shape_source=manual; arrival_success=False; bin_arrivals={'blue': False, 'green': True}; expectation_met=True; pre_fix_palm_collision=False; no CNN evaluation"
20261004T222230_811811,2026-10-04T22:22:30.811811+09:00,cylinder_transport,outputs/cylinder-validation/20261004T222218/rotated/config.json,,rotated-transport-1,,,cylinder,,,camera,0,rgbd_top_geometry_ik_contact,1,0,,,,0.000515805473776084,,16.05,0.9777070010022726,outputs/cylinder-validation/20261004T222218/rotated/transport_1.jsonl,"diameter_m=0.03; height_m=0.04; spawn=[0.5, 0.03, 1.0]; shape_source=manual; arrival_success=True; bin_arrivals={'blue': True, 'green': False}; expectation_met=True; pre_fix_palm_collision=False; no CNN evaluation"
20261004T222228_555339,2026-10-04T22:22:28.555339+09:00,cylinder_transport,outputs/cylinder-validation/20261004T222218/small_left/config.json,,small_left-transport-1,,,cylinder,,,camera,0,rgbd_top_geometry_ik_contact,1,0,,,,0.0007369994358281213,,16.05,0.9899271209978906,outputs/cylinder-validation/20261004T222218/small_left/transport_1.jsonl,"diameter_m=0.025; height_m=0.03; spawn=[0.48, -0.025, 0.0]; shape_source=manual; arrival_success=True; bin_arrivals={'blue': True, 'green': False}; expectation_met=True; pre_fix_palm_collision=False; no CNN evaluation"
20261004T223806_941068,2026-10-04T22:38:06.941068+09:00,larger_defaults_transport,outputs/larger-defaults-validation/20261004T223806/cuboid/config.json,,cuboid-transport-1,,,cuboid,,,camera,0,top_down_ik_contact,1,0,,,,0.0001935456230836302,,16.05,0.9777966639994702,outputs/larger-defaults-validation/20261004T223806/cuboid/transport_1.jsonl,"manual blue destination; arrival_success=True; bin_arrivals={'blue': True, 'green': False}; expectation_met=True; config=grasp-v5-larger-defaults; mass=0.05kg; fixed friction/force; spawn=[0.5, 0.0, 0.0]"
20261004T223806_941068,2026-10-04T22:38:06.941068+09:00,larger_defaults_transport,outputs/larger-defaults-validation/20261004T223806/cuboid/config.json,,cuboid-transport-2,,,cuboid,,,camera,1,top_down_ik_contact,1,0,,,,0.0001935456230836302,,16.05,0.8505468379989907,outputs/larger-defaults-validation/20261004T223806/cuboid/transport_2.jsonl,"manual blue destination; arrival_success=True; bin_arrivals={'blue': True, 'green': False}; expectation_met=True; config=grasp-v5-larger-defaults; mass=0.05kg; fixed friction/force; spawn=[0.5, 0.0, 0.0]"
20261004T223806_941068,2026-10-04T22:38:06.941068+09:00,larger_defaults_transport,outputs/larger-defaults-validation/20261004T223806/cuboid/config.json,,cuboid-transport-3,,,cuboid,,,camera,2,top_down_ik_contact,1,0,,,,0.0001935456230836302,,16.05,0.8434474230016349,outputs/larger-defaults-validation/20261004T223806/cuboid/transport_3.jsonl,"manual blue destination; arrival_success=True; bin_arrivals={'blue': True, 'green': False}; expectation_met=True; config=grasp-v5-larger-defaults; mass=0.05kg; fixed friction/force; spawn=[0.5, 0.0, 0.0]"
20261004T223806_941068,2026-10-04T22:38:06.941068+09:00,larger_defaults_transport,outputs/larger-defaults-validation/20261004T223806/cuboid/config.json,,cuboid-transport-4,,,cuboid,,,camera,3,top_down_ik_contact,1,0,,,,0.0001935456230836302,,16.05,0.8495319139983621,outputs/larger-defaults-validation/20261004T223806/cuboid/transport_4.jsonl,"manual blue destination; arrival_success=True; bin_arrivals={'blue': True, 'green': False}; expectation_met=True; config=grasp-v5-larger-defaults; mass=0.05kg; fixed friction/force; spawn=[0.5, 0.0, 0.0]"
20261004T223806_941068,2026-10-04T22:38:06.941068+09:00,larger_defaults_transport,outputs/larger-defaults-validation/20261004T223806/cuboid/config.json,,cuboid-transport-5,,,cuboid,,,camera,4,top_down_ik_contact,1,0,,,,0.0001935456230836302,,16.05,0.8480049110003165,outputs/larger-defaults-validation/20261004T223806/cuboid/transport_5.jsonl,"manual blue destination; arrival_success=True; bin_arrivals={'blue': True, 'green': False}; expectation_met=True; config=grasp-v5-larger-defaults; mass=0.05kg; fixed friction/force; spawn=[0.5, 0.0, 0.0]"
20261004T223806_941068,2026-10-04T22:38:06.941068+09:00,larger_defaults_transport,outputs/larger-defaults-validation/20261004T223806/cuboid/config.json,,cuboid-transport-6,,,cuboid,,,camera,5,top_down_ik_contact,1,0,,,,0.0001935456230836302,,16.05,0.8587189219979336,outputs/larger-defaults-validation/20261004T223806/cuboid/transport_6.jsonl,"manual blue destination; arrival_success=True; bin_arrivals={'blue': True, 'green': False}; expectation_met=True; config=grasp-v5-larger-defaults; mass=0.05kg; fixed friction/force; spawn=[0.5, 0.0, 0.0]"
20261004T223806_941068,2026-10-04T22:38:06.941068+09:00,larger_defaults_transport,outputs/larger-defaults-validation/20261004T223806/cuboid/config.json,,cuboid-transport-7,,,cuboid,,,camera,6,top_down_ik_contact,1,0,,,,0.0001935456230836302,,16.05,0.8463136989994382,outputs/larger-defaults-validation/20261004T223806/cuboid/transport_7.jsonl,"manual blue destination; arrival_success=True; bin_arrivals={'blue': True, 'green': False}; expectation_met=True; config=grasp-v5-larger-defaults; mass=0.05kg; fixed friction/force; spawn=[0.5, 0.0, 0.0]"
20261004T223806_941068,2026-10-04T22:38:06.941068+09:00,larger_defaults_transport,outputs/larger-defaults-validation/20261004T223806/cuboid/config.json,,cuboid-transport-8,,,cuboid,,,camera,7,top_down_ik_contact,1,0,,,,0.0001935456230836302,,16.05,0.8705289089994039,outputs/larger-defaults-validation/20261004T223806/cuboid/transport_8.jsonl,"manual blue destination; arrival_success=True; bin_arrivals={'blue': True, 'green': False}; expectation_met=True; config=grasp-v5-larger-defaults; mass=0.05kg; fixed friction/force; spawn=[0.5, 0.0, 0.0]"
20261004T223806_941068,2026-10-04T22:38:06.941068+09:00,larger_defaults_transport,outputs/larger-defaults-validation/20261004T223806/cuboid/config.json,,cuboid-transport-9,,,cuboid,,,camera,8,top_down_ik_contact,1,0,,,,0.0001935456230836302,,16.05,0.8509603619968402,outputs/larger-defaults-validation/20261004T223806/cuboid/transport_9.jsonl,"manual blue destination; arrival_success=True; bin_arrivals={'blue': True, 'green': False}; expectation_met=True; config=grasp-v5-larger-defaults; mass=0.05kg; fixed friction/force; spawn=[0.5, 0.0, 0.0]"
20261004T223806_941068,2026-10-04T22:38:06.941068+09:00,larger_defaults_transport,outputs/larger-defaults-validation/20261004T223806/cuboid/config.json,,cuboid-transport-10,,,cuboid,,,camera,9,top_down_ik_contact,1,0,,,,0.0001935456230836302,,16.05,0.8527520589996129,outputs/larger-defaults-validation/20261004T223806/cuboid/transport_10.jsonl,"manual blue destination; arrival_success=True; bin_arrivals={'blue': True, 'green': False}; expectation_met=True; config=grasp-v5-larger-defaults; mass=0.05kg; fixed friction/force; spawn=[0.5, 0.0, 0.0]"
20261004T223806_941068,2026-10-04T22:38:06.941068+09:00,larger_defaults_transport_drop,outputs/larger-defaults-validation/20261004T223806/cuboid/config.json,,cuboid-transport_drop-1,,,cuboid,,,camera,0,top_down_ik_contact,1,1,,,drop_during_transport,0.0001935456230836302,,12.45,0.7513860079998267,outputs/larger-defaults-validation/20261004T223806/cuboid/transport_drop_1.jsonl,"manual blue destination; arrival_success=False; bin_arrivals={'blue': False, 'green': False}; expectation_met=True; config=grasp-v5-larger-defaults; mass=0.05kg; fixed friction/force; spawn=[0.5, 0.0, 0.0]"
20261004T223806_941068,2026-10-04T22:38:06.941068+09:00,larger_defaults_wrong_bin,outputs/larger-defaults-validation/20261004T223806/cuboid/config.json,,cuboid-wrong_bin-1,,,cuboid,,,camera,0,top_down_ik_contact,1,0,,,wrong_bin_arrival,0.0001935456230836302,,16.05,0.8502230439989944,outputs/larger-defaults-validation/20261004T223806/cuboid/wrong_bin_1.jsonl,"manual blue destination; arrival_success=False; bin_arrivals={'blue': False, 'green': True}; expectation_met=True; config=grasp-v5-larger-defaults; mass=0.05kg; fixed friction/force; spawn=[0.5, 0.0, 0.0]"
20261004T223856_663957,2026-10-04T22:38:56.663957+09:00,larger_defaults_transport,outputs/larger-defaults-validation/20261004T223806/cuboid_left/config.json,,cuboid_left-transport-1,,,cuboid,,,camera,0,top_down_ik_contact,1,0,,,,9.947301831766092e-05,,16.05,1.0260681049985578,outputs/larger-defaults-validation/20261004T223806/cuboid_left/transport_1.jsonl,"manual blue destination; arrival_success=True; bin_arrivals={'blue': True, 'green': False}; expectation_met=True; config=grasp-v5-larger-defaults; mass=0.05kg; fixed friction/force; spawn=[0.48, -0.025, -0.35]"
20261004T223857_830694,2026-10-04T22:38:57.830694+09:00,larger_defaults_transport,outputs/larger-defaults-validation/20261004T223806/cuboid_right/config.json,,cuboid_right-transport-1,,,cuboid,,,camera,0,top_down_ik_contact,1,0,,,,5.3839112589906444e-05,,16.05,1.0069906409989926,outputs/larger-defaults-validation/20261004T223806/cuboid_right/transport_1.jsonl,"manual blue destination; arrival_success=True; bin_arrivals={'blue': True, 'green': False}; expectation_met=True; config=grasp-v5-larger-defaults; mass=0.05kg; fixed friction/force; spawn=[0.52, 0.025, 0.6]"
20261004T223817_337084,2026-10-04T22:38:17.337084+09:00,larger_defaults_transport,outputs/larger-defaults-validation/20261004T223806/cylinder/config.json,,cylinder-transport-1,,,cylinder,,,camera,0,top_down_ik_contact,1,0,,,,0.0007150291602049509,,16.05,0.9901262509993103,outputs/larger-defaults-validation/20261004T223806/cylinder/transport_1.jsonl,"manual blue destination; arrival_success=True; bin_arrivals={'blue': True, 'green': False}; expectation_met=True; config=grasp-v5-larger-defaults; mass=0.05kg; fixed friction/force; spawn=[0.5, 0.0, 0.0]"
20261004T223817_337084,2026-10-04T22:38:17.337084+09:00,larger_defaults_transport,outputs/larger-defaults-validation/20261004T223806/cylinder/config.json,,cylinder-transport-2,,,cylinder,,,camera,1,top_down_ik_contact,1,0,,,,0.0007150291602049509,,16.05,0.8600130080012605,outputs/larger-defaults-validation/20261004T223806/cylinder/transport_2.jsonl,"manual blue destination; arrival_success=True; bin_arrivals={'blue': True, 'green': False}; expectation_met=True; config=grasp-v5-larger-defaults; mass=0.05kg; fixed friction/force; spawn=[0.5, 0.0, 0.0]"
20261004T223817_337084,2026-10-04T22:38:17.337084+09:00,larger_defaults_transport,outputs/larger-defaults-validation/20261004T223806/cylinder/config.json,,cylinder-transport-3,,,cylinder,,,camera,2,top_down_ik_contact,1,0,,,,0.0007150291602049509,,16.05,0.8761904840030184,outputs/larger-defaults-validation/20261004T223806/cylinder/transport_3.jsonl,"manual blue destination; arrival_success=True; bin_arrivals={'blue': True, 'green': False}; expectation_met=True; config=grasp-v5-larger-defaults; mass=0.05kg; fixed friction/force; spawn=[0.5, 0.0, 0.0]"
20261004T223817_337084,2026-10-04T22:38:17.337084+09:00,larger_defaults_transport,outputs/larger-defaults-validation/20261004T223806/cylinder/config.json,,cylinder-transport-4,,,cylinder,,,camera,3,top_down_ik_contact,1,0,,,,0.0007150291602049509,,16.05,0.8718908379996719,outputs/larger-defaults-validation/20261004T223806/cylinder/transport_4.jsonl,"manual blue destination; arrival_success=True; bin_arrivals={'blue': True, 'green': False}; expectation_met=True; config=grasp-v5-larger-defaults; mass=0.05kg; fixed friction/force; spawn=[0.5, 0.0, 0.0]"
20261004T223817_337084,2026-10-04T22:38:17.337084+09:00,larger_defaults_transport,outputs/larger-defaults-validation/20261004T223806/cylinder/config.json,,cylinder-transport-5,,,cylinder,,,camera,4,top_down_ik_contact,1,0,,,,0.0007150291602049509,,16.05,0.8715739539984497,outputs/larger-defaults-validation/20261004T223806/cylinder/transport_5.jsonl,"manual blue destination; arrival_success=True; bin_arrivals={'blue': True, 'green': False}; expectation_met=True; config=grasp-v5-larger-defaults; mass=0.05kg; fixed friction/force; spawn=[0.5, 0.0, 0.0]"
20261004T223817_337084,2026-10-04T22:38:17.337084+09:00,larger_defaults_transport,outputs/larger-defaults-validation/20261004T223806/cylinder/config.json,,cylinder-transport-6,,,cylinder,,,camera,5,top_down_ik_contact,1,0,,,,0.0007150291602049509,,16.05,0.8815448569985165,outputs/larger-defaults-validation/20261004T223806/cylinder/transport_6.jsonl,"manual blue destination; arrival_success=True; bin_arrivals={'blue': True, 'green': False}; expectation_met=True; config=grasp-v5-larger-defaults; mass=0.05kg; fixed friction/force; spawn=[0.5, 0.0, 0.0]"
20261004T223817_337084,2026-10-04T22:38:17.337084+09:00,larger_defaults_transport,outputs/larger-defaults-validation/20261004T223806/cylinder/config.json,,cylinder-transport-7,,,cylinder,,,camera,6,top_down_ik_contact,1,0,,,,0.0007150291602049509,,16.05,0.880675707001501,outputs/larger-defaults-validation/20261004T223806/cylinder/transport_7.jsonl,"manual blue destination; arrival_success=True; bin_arrivals={'blue': True, 'green': False}; expectation_met=True; config=grasp-v5-larger-defaults; mass=0.05kg; fixed friction/force; spawn=[0.5, 0.0, 0.0]"
20261004T223817_337084,2026-10-04T22:38:17.337084+09:00,larger_defaults_transport,outputs/larger-defaults-validation/20261004T223806/cylinder/config.json,,cylinder-transport-8,,,cylinder,,,camera,7,top_down_ik_contact,1,0,,,,0.0007150291602049509,,16.05,0.9057388770015677,outputs/larger-defaults-validation/20261004T223806/cylinder/transport_8.jsonl,"manual blue destination; arrival_success=True; bin_arrivals={'blue': True, 'green': False}; expectation_met=True; config=grasp-v5-larger-defaults; mass=0.05kg; fixed friction/force; spawn=[0.5, 0.0, 0.0]"
20261004T223817_337084,2026-10-04T22:38:17.337084+09:00,larger_defaults_transport,outputs/larger-defaults-validation/20261004T223806/cylinder/config.json,,cylinder-transport-9,,,cylinder,,,camera,8,top_down_ik_contact,1,0,,,,0.0007150291602049509,,16.05,0.8805737020011293,outputs/larger-defaults-validation/20261004T223806/cylinder/transport_9.jsonl,"manual blue destination; arrival_success=True; bin_arrivals={'blue': True, 'green': False}; expectation_met=True; config=grasp-v5-larger-defaults; mass=0.05kg; fixed friction/force; spawn=[0.5, 0.0, 0.0]"
20261004T223817_337084,2026-10-04T22:38:17.337084+09:00,larger_defaults_transport,outputs/larger-defaults-validation/20261004T223806/cylinder/config.json,,cylinder-transport-10,,,cylinder,,,camera,9,top_down_ik_contact,1,0,,,,0.0007150291602049509,,16.05,0.902332990001014,outputs/larger-defaults-validation/20261004T223806/cylinder/transport_10.jsonl,"manual blue destination; arrival_success=True; bin_arrivals={'blue': True, 'green': False}; expectation_met=True; config=grasp-v5-larger-defaults; mass=0.05kg; fixed friction/force; spawn=[0.5, 0.0, 0.0]"
20261004T223817_337084,2026-10-04T22:38:17.337084+09:00,larger_defaults_transport_drop,outputs/larger-defaults-validation/20261004T223806/cylinder/config.json,,cylinder-transport_drop-1,,,cylinder,,,camera,0,top_down_ik_contact,1,1,,,drop_during_transport,0.0007150291602049509,,12.45,0.7408673249992717,outputs/larger-defaults-validation/20261004T223806/cylinder/transport_drop_1.jsonl,"manual blue destination; arrival_success=False; bin_arrivals={'blue': False, 'green': False}; expectation_met=True; config=grasp-v5-larger-defaults; mass=0.05kg; fixed friction/force; spawn=[0.5, 0.0, 0.0]"
20261004T223817_337084,2026-10-04T22:38:17.337084+09:00,larger_defaults_wrong_bin,outputs/larger-defaults-validation/20261004T223806/cylinder/config.json,,cylinder-wrong_bin-1,,,cylinder,,,camera,0,top_down_ik_contact,1,0,,,wrong_bin_arrival,0.0007150291602049509,,16.05,0.8758393989992328,outputs/larger-defaults-validation/20261004T223806/cylinder/wrong_bin_1.jsonl,"manual blue destination; arrival_success=False; bin_arrivals={'blue': False, 'green': True}; expectation_met=True; config=grasp-v5-larger-defaults; mass=0.05kg; fixed friction/force; spawn=[0.5, 0.0, 0.0]"
20261004T223859_032831,2026-10-04T22:38:59.032831+09:00,larger_defaults_transport,outputs/larger-defaults-validation/20261004T223806/cylinder_left/config.json,,cylinder_left-transport-1,,,cylinder,,,camera,0,top_down_ik_contact,1,0,,,,0.00070493664962554,,16.05,0.9855228009982966,outputs/larger-defaults-validation/20261004T223806/cylinder_left/transport_1.jsonl,"manual blue destination; arrival_success=True; bin_arrivals={'blue': True, 'green': False}; expectation_met=True; config=grasp-v5-larger-defaults; mass=0.05kg; fixed friction/force; spawn=[0.48, -0.025, -0.35]"
20261004T223900_144048,2026-10-04T22:39:00.144048+09:00,larger_defaults_transport,outputs/larger-defaults-validation/20261004T223806/cylinder_right/config.json,,cylinder_right-transport-1,,,cylinder,,,camera,0,top_down_ik_contact,1,0,,,,0.00022210340335153837,,16.05,0.9795498930034228,outputs/larger-defaults-validation/20261004T223806/cylinder_right/transport_1.jsonl,"manual blue destination; arrival_success=True; bin_arrivals={'blue': True, 'green': False}; expectation_met=True; config=grasp-v5-larger-defaults; mass=0.05kg; fixed friction/force; spawn=[0.52, 0.025, 0.6]"
20261004T234959_five_cuboids,2026-10-04T23:50:07.244077+09:00,multi_scene_initialization,outputs/multi-scene-validation/20261004T234959/five_cuboids/config.json,20,five_cuboids-init-1,,,,,,camera,,,,,,,,,,0.6333333333333333,,outputs/multi-scene-validation/20261004T234959/five_cuboids/summary.json,counts=5/0; initial_attempt=1; settled=True; observed_regions=5; static_IK_only=True; no classification/grasp/transport; GUI=False
20261004T234959_five_cylinders,2026-10-04T23:50:08.014632+09:00,multi_scene_initialization,outputs/multi-scene-validation/20261004T234959/five_cylinders/config.json,21,five_cylinders-init-1,,,,,,camera,,,,,,,,,,0.9874999999999999,,outputs/multi-scene-validation/20261004T234959/five_cylinders/summary.json,counts=0/5; initial_attempt=1; settled=True; observed_regions=5; static_IK_only=True; no classification/grasp/transport; GUI=False
20261004T234959_one_cuboid,2026-10-04T23:50:08.727191+09:00,multi_scene_initialization,outputs/multi-scene-validation/20261004T234959/one_cuboid/config.json,22,one_cuboid-init-1,,,,,,camera,,,,,,,,,,0.6333333333333333,,outputs/multi-scene-validation/20261004T234959/one_cuboid/summary.json,counts=1/0; initial_attempt=1; settled=True; observed_regions=1; static_IK_only=True; no classification/grasp/transport; GUI=False
20261004T234959_one_cylinder,2026-10-04T23:50:09.414386+09:00,multi_scene_initialization,outputs/multi-scene-validation/20261004T234959/one_cylinder/config.json,23,one_cylinder-init-1,,,,,,camera,,,,,,,,,,1.0875,,outputs/multi-scene-validation/20261004T234959/one_cylinder/summary.json,counts=0/1; initial_attempt=1; settled=True; observed_regions=1; static_IK_only=True; no classification/grasp/transport; GUI=False
20261004T234959_seed_0,2026-10-04T23:49:59.838610+09:00,multi_scene_initialization,outputs/multi-scene-validation/20261004T234959/seed_0/config.json,0,seed_0-init-1,,,,,,camera,,,,,,,,,,0.8458333333333333,,outputs/multi-scene-validation/20261004T234959/seed_0/summary.json,counts=3/2; initial_attempt=1; settled=True; observed_regions=5; static_IK_only=True; no classification/grasp/transport; GUI=False
20261004T234959_seed_1,2026-10-04T23:50:00.608906+09:00,multi_scene_initialization,outputs/multi-scene-validation/20261004T234959/seed_1/config.json,1,seed_1-init-1,,,,,,camera,,,,,,,,,,0.8958333333333334,,outputs/multi-scene-validation/20261004T234959/seed_1/summary.json,counts=3/2; initial_attempt=1; settled=True; observed_regions=5; static_IK_only=True; no classification/grasp/transport; GUI=False
20261004T234959_seed_2,2026-10-04T23:50:01.340771+09:00,multi_scene_initialization,outputs/multi-scene-validation/20261004T234959/seed_2/config.json,2,seed_2-init-1,,,,,,camera,,,,,,,,,,0.9583333333333334,,outputs/multi-scene-validation/20261004T234959/seed_2/summary.json,counts=3/2; initial_attempt=1; settled=True; observed_regions=5; static_IK_only=True; no classification/grasp/transport; GUI=False
20261004T234959_seed_3,2026-10-04T23:50:02.097059+09:00,multi_scene_initialization,outputs/multi-scene-validation/20261004T234959/seed_3/config.json,3,seed_3-init-1,,,,,,camera,,,,,,,,,,0.9375,,outputs/multi-scene-validation/20261004T234959/seed_3/summary.json,counts=3/2; initial_attempt=1; settled=True; observed_regions=5; static_IK_only=True; no classification/grasp/transport; GUI=False
20261004T234959_seed_4,2026-10-04T23:50:02.831016+09:00,multi_scene_initialization,outputs/multi-scene-validation/20261004T234959/seed_4/config.json,4,seed_4-init-1,,,,,,camera,,,,,,,,,,0.9583333333333334,,outputs/multi-scene-validation/20261004T234959/seed_4/summary.json,counts=3/2; initial_attempt=1; settled=True; observed_regions=5; static_IK_only=True; no classification/grasp/transport; GUI=False
20261004T234959_seed_5,2026-10-04T23:50:03.564331+09:00,multi_scene_initialization,outputs/multi-scene-validation/20261004T234959/seed_5/config.json,5,seed_5-init-1,,,,,,camera,,,,,,,,,,0.8916666666666666,,outputs/multi-scene-validation/20261004T234959/seed_5/summary.json,counts=3/2; initial_attempt=1; settled=True; observed_regions=5; static_IK_only=True; no classification/grasp/transport; GUI=False
20261004T234959_seed_6,2026-10-04T23:50:04.306512+09:00,multi_scene_initialization,outputs/multi-scene-validation/20261004T234959/seed_6/config.json,6,seed_6-init-1,,,,,,camera,,,,,,,,,,0.9708333333333333,,outputs/multi-scene-validation/20261004T234959/seed_6/summary.json,counts=3/2; initial_attempt=1; settled=True; observed_regions=5; static_IK_only=True; no classification/grasp/transport; GUI=False
20261004T234959_seed_7,2026-10-04T23:50:05.049712+09:00,multi_scene_initialization,outputs/multi-scene-validation/20261004T234959/seed_7/config.json,7,seed_7-init-1,,,,,,,,,,,,,placement_exhausted,,,,,outputs/multi-scene-validation/20261004T234959/seed_7/summary.json,counts=3/2; initial_attempt=1; settled=False; observed_regions=; static_IK_only=; no classification/grasp/transport; GUI=False
20261004T234959_seed_7,2026-10-04T23:50:05.049712+09:00,multi_scene_initialization,outputs/multi-scene-validation/20261004T234959/seed_7/config.json,8,seed_7-init-2,,,,,,camera,,,,,,,,,,0.9833333333333333,,outputs/multi-scene-validation/20261004T234959/seed_7/summary.json,counts=3/2; initial_attempt=2; settled=True; observed_regions=5; static_IK_only=True; no classification/grasp/transport; GUI=False
20261004T234959_seed_8,2026-10-04T23:50:05.784422+09:00,multi_scene_initialization,outputs/multi-scene-validation/20261004T234959/seed_8/config.json,8,seed_8-init-1,,,,,,camera,,,,,,,,,,0.9833333333333333,,outputs/multi-scene-validation/20261004T234959/seed_8/summary.json,counts=3/2; initial_attempt=1; settled=True; observed_regions=5; static_IK_only=True; no classification/grasp/transport; GUI=False
20261004T234959_seed_9,2026-10-04T23:50:06.529876+09:00,multi_scene_initialization,outputs/multi-scene-validation/20261004T234959/seed_9/config.json,9,seed_9-init-1,,,,,,camera,,,,,,,,,,0.9249999999999999,,outputs/multi-scene-validation/20261004T234959/seed_9/summary.json,counts=3/2; initial_attempt=1; settled=True; observed_regions=5; static_IK_only=True; no classification/grasp/transport; GUI=False
multi-scene-validation_gui-colored,2026-10-04T23:49:24.680550+09:00,multi_scene_initialization,outputs/multi-scene-validation/gui-colored/config.json,0,gui-colored-init-1,,,,,,camera,,,,,,,,,,0.8458333333333333,,outputs/multi-scene-validation/gui-colored/summary.json,counts=3/2; initial_attempt=1; settled=True; observed_regions=5; static_IK_only=True; no classification/grasp/transport; GUI=True
sequential-final-cuboid_1_0,2026-10-05T01:22:19.197205+09:00,sequential_single_shape_scene,outputs/sequential-validation/final/cuboid_1_0/config.json,0,cuboid_1_0,,,cuboid,,,camera,,top_down_ik_contact_rescan,,,,,,,,,,outputs/sequential-validation/final/cuboid_1_0/summary.json,manual_single_shape; objects=1; arrived=1; scene_success=True; scans=2; matrix=final; not CNN classification evaluation
sequential-final-cuboid_1_1,2026-10-05T01:22:19.197205+09:00,sequential_single_shape_scene,outputs/sequential-validation/final/cuboid_1_1/config.json,1,cuboid_1_1,,,cuboid,,,camera,,top_down_ik_contact_rescan,,,,,,,,,,outputs/sequential-validation/final/cuboid_1_1/summary.json,manual_single_shape; objects=1; arrived=1; scene_success=True; scans=2; matrix=final; not CNN classification evaluation
sequential-final-cuboid_1_2,2026-10-05T01:22:19.197205+09:00,sequential_single_shape_scene,outputs/sequential-validation/final/cuboid_1_2/config.json,2,cuboid_1_2,,,cuboid,,,camera,,top_down_ik_contact_rescan,,,,,,,,,,outputs/sequential-validation/final/cuboid_1_2/summary.json,manual_single_shape; objects=1; arrived=1; scene_success=True; scans=2; matrix=final; not CNN classification evaluation
sequential-final-cuboid_2_0,2026-10-05T01:22:19.197205+09:00,sequential_single_shape_scene,outputs/sequential-validation/final/cuboid_2_0/config.json,0,cuboid_2_0,,,cuboid,,,camera,,top_down_ik_contact_rescan,,,,,,,,,,outputs/sequential-validation/final/cuboid_2_0/summary.json,manual_single_shape; objects=2; arrived=2; scene_success=True; scans=3; matrix=final; not CNN classification evaluation
sequential-final-cuboid_2_1,2026-10-05T01:22:19.197205+09:00,sequential_single_shape_scene,outputs/sequential-validation/final/cuboid_2_1/config.json,1,cuboid_2_1,,,cuboid,,,camera,,top_down_ik_contact_rescan,,,,,,,,,,outputs/sequential-validation/final/cuboid_2_1/summary.json,manual_single_shape; objects=2; arrived=2; scene_success=True; scans=3; matrix=final; not CNN classification evaluation
sequential-final-cuboid_2_2,2026-10-05T01:22:19.197205+09:00,sequential_single_shape_scene,outputs/sequential-validation/final/cuboid_2_2/config.json,2,cuboid_2_2,,,cuboid,,,camera,,top_down_ik_contact_rescan,,,,,,,,,,outputs/sequential-validation/final/cuboid_2_2/summary.json,manual_single_shape; objects=2; arrived=2; scene_success=True; scans=3; matrix=final; not CNN classification evaluation
sequential-final-cuboid_5_0,2026-10-05T01:22:19.197205+09:00,sequential_single_shape_scene,outputs/sequential-validation/final/cuboid_5_0/config.json,0,cuboid_5_0,,,cuboid,,,camera,,top_down_ik_contact_rescan,,,,,,,,,,outputs/sequential-validation/final/cuboid_5_0/summary.json,manual_single_shape; objects=5; arrived=5; scene_success=True; scans=6; matrix=final; not CNN classification evaluation
sequential-final-cuboid_5_1,2026-10-05T01:22:19.197205+09:00,sequential_single_shape_scene,outputs/sequential-validation/final/cuboid_5_1/config.json,1,cuboid_5_1,,,cuboid,,,camera,,top_down_ik_contact_rescan,,,,,,,,,,outputs/sequential-validation/final/cuboid_5_1/summary.json,manual_single_shape; objects=5; arrived=5; scene_success=True; scans=6; matrix=final; not CNN classification evaluation
sequential-final-cuboid_5_2,2026-10-05T01:22:19.197205+09:00,sequential_single_shape_scene,outputs/sequential-validation/final/cuboid_5_2/config.json,2,cuboid_5_2,,,cuboid,,,camera,,top_down_ik_contact_rescan,,,,,arrival_not_verified,,,,,outputs/sequential-validation/final/cuboid_5_2/summary.json,manual_single_shape; objects=5; arrived=0; scene_success=False; scans=1; matrix=final; not CNN classification evaluation
sequential-final-cylinder_1_0,2026-10-05T01:22:19.197205+09:00,sequential_single_shape_scene,outputs/sequential-validation/final/cylinder_1_0/config.json,0,cylinder_1_0,,,cylinder,,,camera,,top_down_ik_contact_rescan,,,,,,,,,,outputs/sequential-validation/final/cylinder_1_0/summary.json,manual_single_shape; objects=1; arrived=1; scene_success=True; scans=2; matrix=final; not CNN classification evaluation
sequential-final-cylinder_1_1,2026-10-05T01:22:19.197205+09:00,sequential_single_shape_scene,outputs/sequential-validation/final/cylinder_1_1/config.json,1,cylinder_1_1,,,cylinder,,,camera,,top_down_ik_contact_rescan,,,,,arrival_not_verified,,,,,outputs/sequential-validation/final/cylinder_1_1/summary.json,manual_single_shape; objects=1; arrived=0; scene_success=False; scans=1; matrix=final; not CNN classification evaluation
sequential-final-cylinder_1_2,2026-10-05T01:22:19.197205+09:00,sequential_single_shape_scene,outputs/sequential-validation/final/cylinder_1_2/config.json,2,cylinder_1_2,,,cylinder,,,camera,,top_down_ik_contact_rescan,,,,,,,,,,outputs/sequential-validation/final/cylinder_1_2/summary.json,manual_single_shape; objects=1; arrived=1; scene_success=True; scans=2; matrix=final; not CNN classification evaluation
sequential-final-cylinder_2_0,2026-10-05T01:22:19.197205+09:00,sequential_single_shape_scene,outputs/sequential-validation/final/cylinder_2_0/config.json,0,cylinder_2_0,,,cylinder,,,camera,,top_down_ik_contact_rescan,,,,,,,,,,outputs/sequential-validation/final/cylinder_2_0/summary.json,manual_single_shape; objects=2; arrived=2; scene_success=True; scans=3; matrix=final; not CNN classification evaluation
sequential-final-cylinder_2_1,2026-10-05T01:22:19.197205+09:00,sequential_single_shape_scene,outputs/sequential-validation/final/cylinder_2_1/config.json,1,cylinder_2_1,,,cylinder,,,camera,,top_down_ik_contact_rescan,,,,,,,,,,outputs/sequential-validation/final/cylinder_2_1/summary.json,manual_single_shape; objects=2; arrived=2; scene_success=True; scans=3; matrix=final; not CNN classification evaluation
sequential-final-cylinder_2_2,2026-10-05T01:22:19.197205+09:00,sequential_single_shape_scene,outputs/sequential-validation/final/cylinder_2_2/config.json,2,cylinder_2_2,,,cylinder,,,camera,,top_down_ik_contact_rescan,,,,,,,,,,outputs/sequential-validation/final/cylinder_2_2/summary.json,manual_single_shape; objects=2; arrived=2; scene_success=True; scans=3; matrix=final; not CNN classification evaluation
sequential-final-cylinder_5_0,2026-10-05T01:22:19.197205+09:00,sequential_single_shape_scene,outputs/sequential-validation/final/cylinder_5_0/config.json,0,cylinder_5_0,,,cylinder,,,camera,,top_down_ik_contact_rescan,,,,,arrival_not_verified,,,,,outputs/sequential-validation/final/cylinder_5_0/summary.json,manual_single_shape; objects=5; arrived=0; scene_success=False; scans=1; matrix=final; not CNN classification evaluation
sequential-final-cylinder_5_1,2026-10-05T01:22:19.197205+09:00,sequential_single_shape_scene,outputs/sequential-validation/final/cylinder_5_1/config.json,1,cylinder_5_1,,,cylinder,,,camera,,top_down_ik_contact_rescan,,,,,arrival_not_verified,,,,,outputs/sequential-validation/final/cylinder_5_1/summary.json,manual_single_shape; objects=5; arrived=3; scene_success=False; scans=4; matrix=final; not CNN classification evaluation
sequential-final-cylinder_5_2,2026-10-05T01:22:19.197205+09:00,sequential_single_shape_scene,outputs/sequential-validation/final/cylinder_5_2/config.json,2,cylinder_5_2,,,cylinder,,,camera,,top_down_ik_contact_rescan,,,,,arrival_not_verified,,,,,outputs/sequential-validation/final/cylinder_5_2/summary.json,manual_single_shape; objects=5; arrived=2; scene_success=False; scans=3; matrix=final; not CNN classification evaluation
sequential-verified-cuboid_1_0,2026-10-05T01:22:19.197205+09:00,sequential_single_shape_scene,outputs/sequential-validation/verified/cuboid_1_0/config.json,0,cuboid_1_0,,,cuboid,,,camera,,top_down_ik_contact_rescan,,,,,,,,,,outputs/sequential-validation/verified/cuboid_1_0/summary.json,manual_single_shape; objects=1; arrived=1; scene_success=True; scans=2; matrix=verified; not CNN classification evaluation
sequential-verified-cuboid_1_1,2026-10-05T01:22:19.197205+09:00,sequential_single_shape_scene,outputs/sequential-validation/verified/cuboid_1_1/config.json,1,cuboid_1_1,,,cuboid,,,camera,,top_down_ik_contact_rescan,,,,,,,,,,outputs/sequential-validation/verified/cuboid_1_1/summary.json,manual_single_shape; objects=1; arrived=1; scene_success=True; scans=2; matrix=verified; not CNN classification evaluation
sequential-verified-cuboid_1_2,2026-10-05T01:22:19.197205+09:00,sequential_single_shape_scene,outputs/sequential-validation/verified/cuboid_1_2/config.json,2,cuboid_1_2,,,cuboid,,,camera,,top_down_ik_contact_rescan,,,,,,,,,,outputs/sequential-validation/verified/cuboid_1_2/summary.json,manual_single_shape; objects=1; arrived=1; scene_success=True; scans=2; matrix=verified; not CNN classification evaluation
sequential-verified-cuboid_2_0,2026-10-05T01:22:19.197205+09:00,sequential_single_shape_scene,outputs/sequential-validation/verified/cuboid_2_0/config.json,0,cuboid_2_0,,,cuboid,,,camera,,top_down_ik_contact_rescan,,,,,,,,,,outputs/sequential-validation/verified/cuboid_2_0/summary.json,manual_single_shape; objects=2; arrived=2; scene_success=True; scans=3; matrix=verified; not CNN classification evaluation
sequential-verified-cuboid_2_1,2026-10-05T01:22:19.197205+09:00,sequential_single_shape_scene,outputs/sequential-validation/verified/cuboid_2_1/config.json,1,cuboid_2_1,,,cuboid,,,camera,,top_down_ik_contact_rescan,,,,,,,,,,outputs/sequential-validation/verified/cuboid_2_1/summary.json,manual_single_shape; objects=2; arrived=2; scene_success=True; scans=3; matrix=verified; not CNN classification evaluation
sequential-verified-cuboid_2_2,2026-10-05T01:22:19.197205+09:00,sequential_single_shape_scene,outputs/sequential-validation/verified/cuboid_2_2/config.json,2,cuboid_2_2,,,cuboid,,,camera,,top_down_ik_contact_rescan,,,,,,,,,,outputs/sequential-validation/verified/cuboid_2_2/summary.json,manual_single_shape; objects=2; arrived=2; scene_success=True; scans=3; matrix=verified; not CNN classification evaluation
sequential-verified-cuboid_5_0,2026-10-05T01:22:19.197205+09:00,sequential_single_shape_scene,outputs/sequential-validation/verified/cuboid_5_0/config.json,0,cuboid_5_0,,,cuboid,,,camera,,top_down_ik_contact_rescan,,,,,,,,,,outputs/sequential-validation/verified/cuboid_5_0/summary.json,manual_single_shape; objects=5; arrived=5; scene_success=True; scans=6; matrix=verified; not CNN classification evaluation
sequential-verified-cuboid_5_1,2026-10-05T01:22:19.197205+09:00,sequential_single_shape_scene,outputs/sequential-validation/verified/cuboid_5_1/config.json,1,cuboid_5_1,,,cuboid,,,camera,,top_down_ik_contact_rescan,,,,,,,,,,outputs/sequential-validation/verified/cuboid_5_1/summary.json,manual_single_shape; objects=5; arrived=5; scene_success=True; scans=6; matrix=verified; not CNN classification evaluation
sequential-verified-cuboid_5_2,2026-10-05T01:22:19.197205+09:00,sequential_single_shape_scene,outputs/sequential-validation/verified/cuboid_5_2/config.json,2,cuboid_5_2,,,cuboid,,,camera,,top_down_ik_contact_rescan,,,,,,,,,,outputs/sequential-validation/verified/cuboid_5_2/summary.json,manual_single_shape; objects=5; arrived=5; scene_success=True; scans=6; matrix=verified; not CNN classification evaluation
sequential-verified-cylinder_1_0,2026-10-05T01:22:19.197205+09:00,sequential_single_shape_scene,outputs/sequential-validation/verified/cylinder_1_0/config.json,0,cylinder_1_0,,,cylinder,,,camera,,top_down_ik_contact_rescan,,,,,,,,,,outputs/sequential-validation/verified/cylinder_1_0/summary.json,manual_single_shape; objects=1; arrived=1; scene_success=True; scans=2; matrix=verified; not CNN classification evaluation
sequential-verified-cylinder_1_1,2026-10-05T01:22:19.197205+09:00,sequential_single_shape_scene,outputs/sequential-validation/verified/cylinder_1_1/config.json,1,cylinder_1_1,,,cylinder,,,camera,,top_down_ik_contact_rescan,,,,,,,,,,outputs/sequential-validation/verified/cylinder_1_1/summary.json,manual_single_shape; objects=1; arrived=1; scene_success=True; scans=2; matrix=verified; not CNN classification evaluation
sequential-verified-cylinder_1_2,2026-10-05T01:22:19.197205+09:00,sequential_single_shape_scene,outputs/sequential-validation/verified/cylinder_1_2/config.json,2,cylinder_1_2,,,cylinder,,,camera,,top_down_ik_contact_rescan,,,,,,,,,,outputs/sequential-validation/verified/cylinder_1_2/summary.json,manual_single_shape; objects=1; arrived=1; scene_success=True; scans=2; matrix=verified; not CNN classification evaluation
sequential-verified-cylinder_2_0,2026-10-05T01:22:19.197205+09:00,sequential_single_shape_scene,outputs/sequential-validation/verified/cylinder_2_0/config.json,0,cylinder_2_0,,,cylinder,,,camera,,top_down_ik_contact_rescan,,,,,,,,,,outputs/sequential-validation/verified/cylinder_2_0/summary.json,manual_single_shape; objects=2; arrived=2; scene_success=True; scans=3; matrix=verified; not CNN classification evaluation
sequential-verified-cylinder_2_1,2026-10-05T01:22:19.197205+09:00,sequential_single_shape_scene,outputs/sequential-validation/verified/cylinder_2_1/config.json,1,cylinder_2_1,,,cylinder,,,camera,,top_down_ik_contact_rescan,,,,,,,,,,outputs/sequential-validation/verified/cylinder_2_1/summary.json,manual_single_shape; objects=2; arrived=2; scene_success=True; scans=3; matrix=verified; not CNN classification evaluation
sequential-verified-cylinder_2_2,2026-10-05T01:22:19.197205+09:00,sequential_single_shape_scene,outputs/sequential-validation/verified/cylinder_2_2/config.json,2,cylinder_2_2,,,cylinder,,,camera,,top_down_ik_contact_rescan,,,,,,,,,,outputs/sequential-validation/verified/cylinder_2_2/summary.json,manual_single_shape; objects=2; arrived=2; scene_success=True; scans=3; matrix=verified; not CNN classification evaluation
sequential-verified-cylinder_5_0,2026-10-05T01:22:19.197205+09:00,sequential_single_shape_scene,outputs/sequential-validation/verified/cylinder_5_0/config.json,0,cylinder_5_0,,,cylinder,,,camera,,top_down_ik_contact_rescan,,,,,,,,,,outputs/sequential-validation/verified/cylinder_5_0/summary.json,manual_single_shape; objects=5; arrived=5; scene_success=True; scans=6; matrix=verified; not CNN classification evaluation
sequential-verified-cylinder_5_1,2026-10-05T01:22:19.197205+09:00,sequential_single_shape_scene,outputs/sequential-validation/verified/cylinder_5_1/config.json,1,cylinder_5_1,,,cylinder,,,camera,,top_down_ik_contact_rescan,,,,,,,,,,outputs/sequential-validation/verified/cylinder_5_1/summary.json,manual_single_shape; objects=5; arrived=5; scene_success=True; scans=6; matrix=verified; not CNN classification evaluation
sequential-verified-cylinder_5_2,2026-10-05T01:22:19.197205+09:00,sequential_single_shape_scene,outputs/sequential-validation/verified/cylinder_5_2/config.json,2,cylinder_5_2,,,cylinder,,,camera,,top_down_ik_contact_rescan,,,,,,,,,,outputs/sequential-validation/verified/cylinder_5_2/summary.json,manual_single_shape; objects=5; arrived=5; scene_success=True; scans=6; matrix=verified; not CNN classification evaluation
continuous-cuboid_5_0,2026-10-05T04:07:36.689975+09:00,sequential_continuous_carry_scene,outputs/sequential-validation/continuous-carry/cuboid_5_0/config.json,0,cuboid_5_0,,,cuboid,,,camera,,top_down_ik_contact_rescan,,,,,,,,,,outputs/sequential-validation/continuous-carry/cuboid_5_0/summary.json,manual_single_shape; objects=5; arrived=5; scene_success=True; continuous_arc; no intermediate settle; not CNN evaluation
continuous-cuboid_5_1,2026-10-05T04:07:36.689975+09:00,sequential_continuous_carry_scene,outputs/sequential-validation/continuous-carry/cuboid_5_1/config.json,1,cuboid_5_1,,,cuboid,,,camera,,top_down_ik_contact_rescan,,,,,,,,,,outputs/sequential-validation/continuous-carry/cuboid_5_1/summary.json,manual_single_shape; objects=5; arrived=5; scene_success=True; continuous_arc; no intermediate settle; not CNN evaluation
continuous-cuboid_5_2,2026-10-05T04:07:36.689975+09:00,sequential_continuous_carry_scene,outputs/sequential-validation/continuous-carry/cuboid_5_2/config.json,2,cuboid_5_2,,,cuboid,,,camera,,top_down_ik_contact_rescan,,,,,,,,,,outputs/sequential-validation/continuous-carry/cuboid_5_2/summary.json,manual_single_shape; objects=5; arrived=5; scene_success=True; continuous_arc; no intermediate settle; not CNN evaluation
continuous-cylinder_5_0,2026-10-05T04:07:36.689975+09:00,sequential_continuous_carry_scene,outputs/sequential-validation/continuous-carry/cylinder_5_0/config.json,0,cylinder_5_0,,,cylinder,,,camera,,top_down_ik_contact_rescan,,,,,,,,,,outputs/sequential-validation/continuous-carry/cylinder_5_0/summary.json,manual_single_shape; objects=5; arrived=5; scene_success=True; continuous_arc; no intermediate settle; not CNN evaluation
continuous-cylinder_5_1,2026-10-05T04:07:36.689975+09:00,sequential_continuous_carry_scene,outputs/sequential-validation/continuous-carry/cylinder_5_1/config.json,1,cylinder_5_1,,,cylinder,,,camera,,top_down_ik_contact_rescan,,,,,,,,,,outputs/sequential-validation/continuous-carry/cylinder_5_1/summary.json,manual_single_shape; objects=5; arrived=5; scene_success=True; continuous_arc; no intermediate settle; not CNN evaluation
continuous-cylinder_5_2,2026-10-05T04:07:36.689975+09:00,sequential_continuous_carry_scene,outputs/sequential-validation/continuous-carry/cylinder_5_2/config.json,2,cylinder_5_2,,,cylinder,,,camera,,top_down_ik_contact_rescan,,,,,,,,,,outputs/sequential-validation/continuous-carry/cylinder_5_2/summary.json,manual_single_shape; objects=5; arrived=5; scene_success=True; continuous_arc; no intermediate settle; not CNN evaluation
cnn_size_old_single_probe_0,2026-10-05T06:05:05.044723+09:00,cnn_size_boundary_camera_transport,outputs/cnn-size-validation/results.json,,,,,cuboid,,,camera,1,top_geometry_ik,False,,,False,unsupported_geometry,,,,,outputs/cnn-size-validation/results.json,"old_single_probe; size_m=[0.065, 0.065, 0.07]; fixed single object; current route uses standalone estimate, not default-size estimate_many guard; no CNN; not full size-range performance"
cnn_size_old_single_probe_1,2026-10-05T06:05:05.044741+09:00,cnn_size_boundary_camera_transport,outputs/cnn-size-validation/results.json,,,,,cylinder,,,camera,1,top_geometry_ik,False,,,False,unsupported_geometry,,,,,outputs/cnn-size-validation/results.json,"old_single_probe; size_m=[0.065, 0.07]; fixed single object; current route uses standalone estimate, not default-size estimate_many guard; no CNN; not full size-range performance"
cnn_size_old_single_probe_2,2026-10-05T06:05:05.044746+09:00,cnn_size_boundary_camera_transport,outputs/cnn-size-validation/results.json,,,,,cuboid,,,camera,1,top_geometry_ik,True,,,False,ik_joint_limit,,,,,outputs/cnn-size-validation/results.json,"old_single_probe; size_m=[0.03, 0.03, 0.07]; fixed single object; current route uses standalone estimate, not default-size estimate_many guard; no CNN; not full size-range performance"
cnn_size_old_single_probe_3,2026-10-05T06:05:05.044748+09:00,cnn_size_boundary_camera_transport,outputs/cnn-size-validation/results.json,,,,,cylinder,,,camera,1,top_geometry_ik,True,,,True,,,,,,outputs/cnn-size-validation/results.json,"old_single_probe; size_m=[0.03, 0.07]; fixed single object; current route uses standalone estimate, not default-size estimate_many guard; no CNN; not full size-range performance"
cnn_size_old_single_probe_4,2026-10-05T06:05:05.044751+09:00,cnn_size_boundary_camera_transport,outputs/cnn-size-validation/results.json,,,,,cuboid,,,camera,1,top_geometry_ik,False,,,False,unsupported_geometry,,,,,outputs/cnn-size-validation/results.json,"old_single_probe; size_m=[0.065, 0.065, 0.03]; fixed single object; current route uses standalone estimate, not default-size estimate_many guard; no CNN; not full size-range performance"
cnn_size_old_single_probe_5,2026-10-05T06:05:05.044753+09:00,cnn_size_boundary_camera_transport,outputs/cnn-size-validation/results.json,,,,,cylinder,,,camera,1,top_geometry_ik,False,,,False,unsupported_geometry,,,,,outputs/cnn-size-validation/results.json,"old_single_probe; size_m=[0.065, 0.03]; fixed single object; current route uses standalone estimate, not default-size estimate_many guard; no CNN; not full size-range performance"
cnn_size_current_rear_route_0,2026-10-05T06:05:05.044756+09:00,cnn_size_boundary_camera_transport,outputs/cnn-size-validation/current-route/results.json,,,,,cuboid,,,camera,1,top_geometry_ik,False,,,False,no_valid_target,,,,,outputs/cnn-size-validation/current-route/results.json,"current_rear_route; size_m=[0.064, 0.07]; fixed single object; current route uses standalone estimate, not default-size estimate_many guard; no CNN; not full size-range performance"
cnn_size_current_rear_route_1,2026-10-05T06:05:05.044758+09:00,cnn_size_boundary_camera_transport,outputs/cnn-size-validation/current-route/results.json,,,,,cylinder,,,camera,1,top_geometry_ik,True,,,True,,,,,,outputs/cnn-size-validation/current-route/results.json,"current_rear_route; size_m=[0.064, 0.07]; fixed single object; current route uses standalone estimate, not default-size estimate_many guard; no CNN; not full size-range performance"
cnn_size_current_rear_route_2,2026-10-05T06:05:05.044760+09:00,cnn_size_boundary_camera_transport,outputs/cnn-size-validation/current-route/results.json,,,,,cuboid,,,camera,1,top_geometry_ik,True,,,True,,,,,,outputs/cnn-size-validation/current-route/results.json,"current_rear_route; size_m=[0.03, 0.07]; fixed single object; current route uses standalone estimate, not default-size estimate_many guard; no CNN; not full size-range performance"
cnn_size_current_rear_route_3,2026-10-05T06:05:05.044763+09:00,cnn_size_boundary_camera_transport,outputs/cnn-size-validation/current-route/results.json,,,,,cylinder,,,camera,1,top_geometry_ik,True,,,True,,,,,,outputs/cnn-size-validation/current-route/results.json,"current_rear_route; size_m=[0.03, 0.07]; fixed single object; current route uses standalone estimate, not default-size estimate_many guard; no CNN; not full size-range performance"
cnn_size_current_rear_route_4,2026-10-05T06:05:05.044765+09:00,cnn_size_boundary_camera_transport,outputs/cnn-size-validation/current-route/results.json,,,,,cuboid,,,camera,1,top_geometry_ik,False,,,False,no_valid_target,,,,,outputs/cnn-size-validation/current-route/results.json,"current_rear_route; size_m=[0.064, 0.03]; fixed single object; current route uses standalone estimate, not default-size estimate_many guard; no CNN; not full size-range performance"
cnn_size_current_rear_route_5,2026-10-05T06:05:05.044767+09:00,cnn_size_boundary_camera_transport,outputs/cnn-size-validation/current-route/results.json,,,,,cylinder,,,camera,1,top_geometry_ik,True,,,True,,,,,,outputs/cnn-size-validation/current-route/results.json,"current_rear_route; size_m=[0.064, 0.03]; fixed single object; current route uses standalone estimate, not default-size estimate_many guard; no CNN; not full size-range performance"
square-top-00,2026-10-05T06:51:17.607265+09:00,square_top_camera_transport,outputs/square-grasp-validation/physical/case_00/config.json,,square-00,,,cuboid,,,camera,0,top_down_min_area_rectangle_contact,1,,,1,,3.6400900837600286e-05,,,2.11464386699663,outputs/square-grasp-validation/physical/case_00/result.json,fixed selected size/yaw; explicit preconfigured footprint; actual contact; no attachment; not general success rate
square-top-01,2026-10-05T06:51:17.607301+09:00,square_top_camera_transport,outputs/square-grasp-validation/physical/case_01/config.json,,square-01,,,cuboid,,,camera,0,top_down_min_area_rectangle_contact,1,,,1,,7.336693354944949e-06,,,1.9442996219950146,outputs/square-grasp-validation/physical/case_01/result.json,fixed selected size/yaw; explicit preconfigured footprint; actual contact; no attachment; not general success rate
square-top-02,2026-10-05T06:51:17.607317+09:00,square_top_camera_transport,outputs/square-grasp-validation/physical/case_02/config.json,,square-02,,,cuboid,,,camera,0,top_down_min_area_rectangle_contact,1,,,1,,8.289493831372233e-06,,,1.9944963150046533,outputs/square-grasp-validation/physical/case_02/result.json,fixed selected size/yaw; explicit preconfigured footprint; actual contact; no attachment; not general success rate
square-top-03,2026-10-05T06:51:17.607348+09:00,square_top_camera_transport,outputs/square-grasp-validation/physical/case_03/config.json,,square-03,,,cuboid,,,camera,0,top_down_min_area_rectangle_contact,1,,,1,,8.958018421939604e-05,,,2.0040592799996375,outputs/square-grasp-validation/physical/case_03/result.json,fixed selected size/yaw; explicit preconfigured footprint; actual contact; no attachment; not general success rate
square-top-04,2026-10-05T06:51:17.607360+09:00,square_top_camera_transport,outputs/square-grasp-validation/physical/case_04/config.json,,square-04,,,cuboid,,,camera,0,top_down_min_area_rectangle_contact,1,,,1,,2.4251288206759102e-05,,,2.0880530859940336,outputs/square-grasp-validation/physical/case_04/result.json,fixed selected size/yaw; explicit preconfigured footprint; actual contact; no attachment; not general success rate
square-top-05,2026-10-05T06:51:17.607371+09:00,square_top_camera_transport,outputs/square-grasp-validation/physical/case_05/config.json,,square-05,,,cuboid,,,camera,0,top_down_min_area_rectangle_contact,1,,,1,,4.922029213938757e-05,,,2.038066898996476,outputs/square-grasp-validation/physical/case_05/result.json,fixed selected size/yaw; explicit preconfigured footprint; actual contact; no attachment; not general success rate
square-top-06,2026-10-05T06:51:17.607381+09:00,square_top_camera_transport,outputs/square-grasp-validation/physical/case_06/config.json,,square-06,,,cuboid,,,camera,0,top_down_min_area_rectangle_contact,1,,,1,,4.163076020383962e-05,,,2.016249833999609,outputs/square-grasp-validation/physical/case_06/result.json,fixed selected size/yaw; explicit preconfigured footprint; actual contact; no attachment; not general success rate
square-top-07,2026-10-05T06:51:17.607392+09:00,square_top_camera_transport,outputs/square-grasp-validation/physical/case_07/config.json,,square-07,,,cuboid,,,camera,0,top_down_min_area_rectangle_contact,1,,,1,,2.7346787460339637e-05,,,1.9683656839988544,outputs/square-grasp-validation/physical/case_07/result.json,fixed selected size/yaw; explicit preconfigured footprint; actual contact; no attachment; not general success rate
square-top-08,2026-10-05T06:51:17.607404+09:00,square_top_camera_transport,outputs/square-grasp-validation/physical/case_08/config.json,,square-08,,,cuboid,,,camera,0,top_down_min_area_rectangle_contact,1,,,1,,3.7693775339567404e-05,,,2.1067238629984786,outputs/square-grasp-validation/physical/case_08/result.json,fixed selected size/yaw; explicit preconfigured footprint; actual contact; no attachment; not general success rate
size-edge-00,2026-10-05T06:55:00.571692+09:00,size_edge_camera_transport,outputs/size-edge-validation/initial/case_00/config.json,,edge-00,,,cuboid,,,camera,0,top_down_contact,1,,,1,,0.000193886066270805,,,2.024419745001069,outputs/size-edge-validation/initial/case_00/result.json,single object; size corners of dataset range; 3 selected pose conditions; preconfigured support footprint only guards surface completeness; grasp coordinates/width from depth; no attachment; not general success rate
size-edge-01,2026-10-05T06:55:00.571728+09:00,size_edge_camera_transport,outputs/size-edge-validation/initial/case_01/config.json,,edge-01,,,cuboid,,,camera,0,top_down_contact,1,,,1,,2.5677706919144758e-05,,,1.9564839860031498,outputs/size-edge-validation/initial/case_01/result.json,single object; size corners of dataset range; 3 selected pose conditions; preconfigured support footprint only guards surface completeness; grasp coordinates/width from depth; no attachment; not general success rate
size-edge-02,2026-10-05T06:55:00.571745+09:00,size_edge_camera_transport,outputs/size-edge-validation/initial/case_02/config.json,,edge-02,,,cuboid,,,camera,0,top_down_contact,1,,,1,,1.5521929422347714e-05,,,1.9692078570005833,outputs/size-edge-validation/initial/case_02/result.json,single object; size corners of dataset range; 3 selected pose conditions; preconfigured support footprint only guards surface completeness; grasp coordinates/width from depth; no attachment; not general success rate
size-edge-03,2026-10-05T06:55:00.571757+09:00,size_edge_camera_transport,outputs/size-edge-validation/initial/case_03/config.json,,edge-03,,,cuboid,,,camera,0,top_down_contact,1,,,1,,3.956116561560947e-05,,,1.8682816859945888,outputs/size-edge-validation/initial/case_03/result.json,single object; size corners of dataset range; 3 selected pose conditions; preconfigured support footprint only guards surface completeness; grasp coordinates/width from depth; no attachment; not general success rate
size-edge-04,2026-10-05T06:55:00.571769+09:00,size_edge_camera_transport,outputs/size-edge-validation/initial/case_04/config.json,,edge-04,,,cuboid,,,camera,0,top_down_contact,1,,,1,,6.368962203023986e-05,,,1.9986431689976598,outputs/size-edge-validation/initial/case_04/result.json,single object; size corners of dataset range; 3 selected pose conditions; preconfigured support footprint only guards surface completeness; grasp coordinates/width from depth; no attachment; not general success rate
size-edge-05,2026-10-05T06:55:00.571780+09:00,size_edge_camera_transport,outputs/size-edge-validation/initial/case_05/config.json,,edge-05,,,cuboid,,,camera,0,top_down_contact,1,,,1,,9.370968348054653e-05,,,2.04450076300418,outputs/size-edge-validation/initial/case_05/result.json,single object; size corners of dataset range; 3 selected pose conditions; preconfigured support footprint only guards surface completeness; grasp coordinates/width from depth; no attachment; not general success rate
size-edge-06,2026-10-05T06:55:00.571791+09:00,size_edge_camera_transport,outputs/size-edge-validation/initial/case_06/config.json,,edge-06,,,cuboid,,,camera,0,top_down_contact,1,,,1,,0.00024386993558793839,,,2.048737639997853,outputs/size-edge-validation/initial/case_06/result.json,single object; size corners of dataset range; 3 selected pose conditions; preconfigured support footprint only guards surface completeness; grasp coordinates/width from depth; no attachment; not general success rate
size-edge-07,2026-10-05T06:55:00.571802+09:00,size_edge_camera_transport,outputs/size-edge-validation/initial/case_07/config.json,,edge-07,,,cuboid,,,camera,0,top_down_contact,1,,,1,,5.512268516452569e-05,,,2.0450437300023623,outputs/size-edge-validation/initial/case_07/result.json,single object; size corners of dataset range; 3 selected pose conditions; preconfigured support footprint only guards surface completeness; grasp coordinates/width from depth; no attachment; not general success rate
size-edge-08,2026-10-05T06:55:00.571812+09:00,size_edge_camera_transport,outputs/size-edge-validation/initial/case_08/config.json,,edge-08,,,cuboid,,,camera,0,top_down_contact,1,,,1,,4.924518550427611e-05,,,2.0551421780037344,outputs/size-edge-validation/initial/case_08/result.json,single object; size corners of dataset range; 3 selected pose conditions; preconfigured support footprint only guards surface completeness; grasp coordinates/width from depth; no attachment; not general success rate
size-edge-09,2026-10-05T06:55:00.571823+09:00,size_edge_camera_transport,outputs/size-edge-validation/initial/case_09/config.json,,edge-09,,,cuboid,,,camera,0,top_down_contact,1,,,1,,6.67896166685694e-05,,,2.1088958300024387,outputs/size-edge-validation/initial/case_09/result.json,single object; size corners of dataset range; 3 selected pose conditions; preconfigured support footprint only guards surface completeness; grasp coordinates/width from depth; no attachment; not general success rate
size-edge-10,2026-10-05T06:55:00.571833+09:00,size_edge_camera_transport,outputs/size-edge-validation/initial/case_10/config.json,,edge-10,,,cuboid,,,camera,0,top_down_contact,1,,,1,,5.034962029632608e-05,,,2.0848699870039127,outputs/size-edge-validation/initial/case_10/result.json,single object; size corners of dataset range; 3 selected pose conditions; preconfigured support footprint only guards surface completeness; grasp coordinates/width from depth; no attachment; not general success rate
size-edge-11,2026-10-05T06:55:00.571848+09:00,size_edge_camera_transport,outputs/size-edge-validation/initial/case_11/config.json,,edge-11,,,cuboid,,,camera,0,top_down_contact,1,,,1,,6.318528656855137e-05,,,2.178314794000471,outputs/size-edge-validation/initial/case_11/result.json,single object; size corners of dataset range; 3 selected pose conditions; preconfigured support footprint only guards surface completeness; grasp coordinates/width from depth; no attachment; not general success rate
size-edge-12,2026-10-05T06:55:00.571859+09:00,size_edge_camera_transport,outputs/size-edge-validation/initial/case_12/config.json,,edge-12,,,cuboid,,,camera,0,top_down_contact,1,,,1,,8.536121076675673e-05,,,2.124929746001726,outputs/size-edge-validation/initial/case_12/result.json,single object; size corners of dataset range; 3 selected pose conditions; preconfigured support footprint only guards surface completeness; grasp coordinates/width from depth; no attachment; not general success rate
size-edge-13,2026-10-05T06:55:00.571870+09:00,size_edge_camera_transport,outputs/size-edge-validation/initial/case_13/config.json,,edge-13,,,cuboid,,,camera,0,top_down_contact,1,,,1,,8.948764101466614e-05,,,2.1055630709961406,outputs/size-edge-validation/initial/case_13/result.json,single object; size corners of dataset range; 3 selected pose conditions; preconfigured support footprint only guards surface completeness; grasp coordinates/width from depth; no attachment; not general success rate
size-edge-14,2026-10-05T06:55:00.571880+09:00,size_edge_camera_transport,outputs/size-edge-validation/initial/case_14/config.json,,edge-14,,,cuboid,,,camera,0,top_down_contact,1,,,1,,4.464763869598551e-05,,,2.0467214929958573,outputs/size-edge-validation/initial/case_14/result.json,single object; size corners of dataset range; 3 selected pose conditions; preconfigured support footprint only guards surface completeness; grasp coordinates/width from depth; no attachment; not general success rate
size-edge-15,2026-10-05T06:55:00.571890+09:00,size_edge_camera_transport,outputs/size-edge-validation/initial/case_15/config.json,,edge-15,,,cuboid,,,camera,0,top_down_contact,1,,,1,,2.894294180913712e-05,,,2.1438264699972933,outputs/size-edge-validation/initial/case_15/result.json,single object; size corners of dataset range; 3 selected pose conditions; preconfigured support footprint only guards surface completeness; grasp coordinates/width from depth; no attachment; not general success rate
size-edge-16,2026-10-05T06:55:00.571901+09:00,size_edge_camera_transport,outputs/size-edge-validation/initial/case_16/config.json,,edge-16,,,cuboid,,,camera,0,top_down_contact,1,,,1,,6.67128318173263e-05,,,2.0792433899987373,outputs/size-edge-validation/initial/case_16/result.json,single object; size corners of dataset range; 3 selected pose conditions; preconfigured support footprint only guards surface completeness; grasp coordinates/width from depth; no attachment; not general success rate
size-edge-17,2026-10-05T06:55:00.571938+09:00,size_edge_camera_transport,outputs/size-edge-validation/initial/case_17/config.json,,edge-17,,,cuboid,,,camera,0,top_down_contact,1,,,1,,5.4222389049575254e-05,,,2.1574458289978793,outputs/size-edge-validation/initial/case_17/result.json,single object; size corners of dataset range; 3 selected pose conditions; preconfigured support footprint only guards surface completeness; grasp coordinates/width from depth; no attachment; not general success rate
size-edge-18,2026-10-05T06:55:00.571950+09:00,size_edge_camera_transport,outputs/size-edge-validation/initial/case_18/config.json,,edge-18,,,cuboid,,,camera,0,top_down_contact,1,,,1,,7.336693354944949e-06,,,2.0067200039993622,outputs/size-edge-validation/initial/case_18/result.json,single object; size corners of dataset range; 3 selected pose conditions; preconfigured support footprint only guards surface completeness; grasp coordinates/width from depth; no attachment; not general success rate
size-edge-19,2026-10-05T06:55:00.571961+09:00,size_edge_camera_transport,outputs/size-edge-validation/initial/case_19/config.json,,edge-19,,,cuboid,,,camera,0,top_down_contact,1,,,1,,5.121770381663136e-05,,,2.0013262549982755,outputs/size-edge-validation/initial/case_19/result.json,single object; size corners of dataset range; 3 selected pose conditions; preconfigured support footprint only guards surface completeness; grasp coordinates/width from depth; no attachment; not general success rate
size-edge-20,2026-10-05T06:55:00.571971+09:00,size_edge_camera_transport,outputs/size-edge-validation/initial/case_20/config.json,,edge-20,,,cuboid,,,camera,0,top_down_contact,1,,,1,,5.86558810955737e-05,,,1.9634271410031943,outputs/size-edge-validation/initial/case_20/result.json,single object; size corners of dataset range; 3 selected pose conditions; preconfigured support footprint only guards surface completeness; grasp coordinates/width from depth; no attachment; not general success rate
size-edge-21,2026-10-05T06:55:00.571983+09:00,size_edge_camera_transport,outputs/size-edge-validation/initial/case_21/config.json,,edge-21,,,cuboid,,,camera,0,top_down_contact,1,,,1,,2.4251288206759102e-05,,,2.0433158080049907,outputs/size-edge-validation/initial/case_21/result.json,single object; size corners of dataset range; 3 selected pose conditions; preconfigured support footprint only guards surface completeness; grasp coordinates/width from depth; no attachment; not general success rate
size-edge-22,2026-10-05T06:55:00.571994+09:00,size_edge_camera_transport,outputs/size-edge-validation/initial/case_22/config.json,,edge-22,,,cuboid,,,camera,0,top_down_contact,1,,,1,,2.2618606708550843e-05,,,2.040429592001601,outputs/size-edge-validation/initial/case_22/result.json,single object; size corners of dataset range; 3 selected pose conditions; preconfigured support footprint only guards surface completeness; grasp coordinates/width from depth; no attachment; not general success rate
size-edge-23,2026-10-05T06:55:00.572004+09:00,size_edge_camera_transport,outputs/size-edge-validation/initial/case_23/config.json,,edge-23,,,cuboid,,,camera,0,top_down_contact,1,,,1,,1.2899132721231374e-05,,,2.046867958000803,outputs/size-edge-validation/initial/case_23/result.json,single object; size corners of dataset range; 3 selected pose conditions; preconfigured support footprint only guards surface completeness; grasp coordinates/width from depth; no attachment; not general success rate
size-edge-24,2026-10-05T06:55:00.572014+09:00,size_edge_camera_transport,outputs/size-edge-validation/initial/case_24/config.json,,edge-24,,,cylinder,,,camera,0,top_down_contact,1,,,1,,0.0002346750280250153,,,1.975065345002804,outputs/size-edge-validation/initial/case_24/result.json,single object; size corners of dataset range; 3 selected pose conditions; preconfigured support footprint only guards surface completeness; grasp coordinates/width from depth; no attachment; not general success rate
size-edge-25,2026-10-05T06:55:00.572025+09:00,size_edge_camera_transport,outputs/size-edge-validation/initial/case_25/config.json,,edge-25,,,cylinder,,,camera,0,top_down_contact,1,,,1,,0.00019703147632237783,,,1.8482912199979182,outputs/size-edge-validation/initial/case_25/result.json,single object; size corners of dataset range; 3 selected pose conditions; preconfigured support footprint only guards surface completeness; grasp coordinates/width from depth; no attachment; not general success rate
size-edge-26,2026-10-05T06:55:00.572036+09:00,size_edge_camera_transport,outputs/size-edge-validation/initial/case_26/config.json,,edge-26,,,cylinder,,,camera,0,top_down_contact,1,,,1,,0.0002215655887957818,,,1.9606246000039391,outputs/size-edge-validation/initial/case_26/result.json,single object; size corners of dataset range; 3 selected pose conditions; preconfigured support footprint only guards surface completeness; grasp coordinates/width from depth; no attachment; not general success rate
size-edge-27,2026-10-05T06:55:00.572046+09:00,size_edge_camera_transport,outputs/size-edge-validation/initial/case_27/config.json,,edge-27,,,cylinder,,,camera,0,top_down_contact,1,,,1,,0.00041605781159458326,,,1.8811947819995112,outputs/size-edge-validation/initial/case_27/result.json,single object; size corners of dataset range; 3 selected pose conditions; preconfigured support footprint only guards surface completeness; grasp coordinates/width from depth; no attachment; not general success rate
size-edge-28,2026-10-05T06:55:00.572057+09:00,size_edge_camera_transport,outputs/size-edge-validation/initial/case_28/config.json,,edge-28,,,cylinder,,,camera,0,top_down_contact,1,,,1,,0.0004381166879208294,,,2.1009601690020645,outputs/size-edge-validation/initial/case_28/result.json,single object; size corners of dataset range; 3 selected pose conditions; preconfigured support footprint only guards surface completeness; grasp coordinates/width from depth; no attachment; not general success rate
size-edge-29,2026-10-05T06:55:00.572067+09:00,size_edge_camera_transport,outputs/size-edge-validation/initial/case_29/config.json,,edge-29,,,cylinder,,,camera,0,top_down_contact,1,,,1,,0.00015677429897221915,,,1.8783431179981562,outputs/size-edge-validation/initial/case_29/result.json,single object; size corners of dataset range; 3 selected pose conditions; preconfigured support footprint only guards surface completeness; grasp coordinates/width from depth; no attachment; not general success rate
size-edge-30,2026-10-05T06:55:00.572078+09:00,size_edge_camera_transport,outputs/size-edge-validation/initial/case_30/config.json,,edge-30,,,cylinder,,,camera,0,top_down_contact,1,,,1,,0.0005461061172213181,,,1.9064703829935752,outputs/size-edge-validation/initial/case_30/result.json,single object; size corners of dataset range; 3 selected pose conditions; preconfigured support footprint only guards surface completeness; grasp coordinates/width from depth; no attachment; not general success rate
size-edge-31,2026-10-05T06:55:00.572088+09:00,size_edge_camera_transport,outputs/size-edge-validation/initial/case_31/config.json,,edge-31,,,cylinder,,,camera,0,top_down_contact,1,,,1,,0.0003722585516974121,,,1.9273969610003405,outputs/size-edge-validation/initial/case_31/result.json,single object; size corners of dataset range; 3 selected pose conditions; preconfigured support footprint only guards surface completeness; grasp coordinates/width from depth; no attachment; not general success rate
size-edge-32,2026-10-05T06:55:00.572099+09:00,size_edge_camera_transport,outputs/size-edge-validation/initial/case_32/config.json,,edge-32,,,cylinder,,,camera,0,top_down_contact,1,,,1,,0.00013789324761738698,,,1.928128420993744,outputs/size-edge-validation/initial/case_32/result.json,single object; size corners of dataset range; 3 selected pose conditions; preconfigured support footprint only guards surface completeness; grasp coordinates/width from depth; no attachment; not general success rate
size-edge-33,2026-10-05T06:55:00.572109+09:00,size_edge_camera_transport,outputs/size-edge-validation/initial/case_33/config.json,,edge-33,,,cylinder,,,camera,0,top_down_contact,1,,,1,,0.0001639258166436773,,,1.9381883879977977,outputs/size-edge-validation/initial/case_33/result.json,single object; size corners of dataset range; 3 selected pose conditions; preconfigured support footprint only guards surface completeness; grasp coordinates/width from depth; no attachment; not general success rate
size-edge-34,2026-10-05T06:55:00.572136+09:00,size_edge_camera_transport,outputs/size-edge-validation/initial/case_34/config.json,,edge-34,,,cylinder,,,camera,0,top_down_contact,1,,,1,,0.0002152669554673247,,,1.9178382919999422,outputs/size-edge-validation/initial/case_34/result.json,single object; size corners of dataset range; 3 selected pose conditions; preconfigured support footprint only guards surface completeness; grasp coordinates/width from depth; no attachment; not general success rate
size-edge-35,2026-10-05T06:55:00.572148+09:00,size_edge_camera_transport,outputs/size-edge-validation/initial/case_35/config.json,,edge-35,,,cylinder,,,camera,0,top_down_contact,1,,,1,,0.00019262878160112803,,,1.9392637759956415,outputs/size-edge-validation/initial/case_35/result.json,single object; size corners of dataset range; 3 selected pose conditions; preconfigured support footprint only guards surface completeness; grasp coordinates/width from depth; no attachment; not general success rate
cnn-local-mixed-c2-y3-s0,2026-10-05T19:44:27.757198+09:00,cnn_mixed_camera_transport,outputs/cnn-local-validation/mixed-c2-y3-s0/config.json,0,mixed-c2-y3-s0,,checkpoints/shape_cnn_v1/best_model.pt,cylinder,cylinder,1.0,camera,0,top_down_ik_contact,1,0,1,1,,0.0001633971276215893,,,,outputs/cnn-local-validation/mixed-c2-y3-s0/summary.json,pick=1; default sizes; no online training; source=cnn; rescans=6; final_arrivals=True; threshold=0.8; support_contact_steps=0; model_sha256=16cef0f195e1d2f2f02af2967303772fd410b0566c9b22c877779e612c0f195c
cnn-local-mixed-c2-y3-s0,2026-10-05T19:44:27.757236+09:00,cnn_mixed_camera_transport,outputs/cnn-local-validation/mixed-c2-y3-s0/config.json,0,mixed-c2-y3-s0,,checkpoints/shape_cnn_v1/best_model.pt,cuboid,cuboid,1.0,camera,0,top_down_ik_contact,1,0,1,1,,4.54344868758384e-05,,,,outputs/cnn-local-validation/mixed-c2-y3-s0/summary.json,pick=2; default sizes; no online training; source=cnn; rescans=6; final_arrivals=True; threshold=0.8; support_contact_steps=0; model_sha256=16cef0f195e1d2f2f02af2967303772fd410b0566c9b22c877779e612c0f195c
cnn-local-mixed-c2-y3-s0,2026-10-05T19:44:27.757256+09:00,cnn_mixed_camera_transport,outputs/cnn-local-validation/mixed-c2-y3-s0/config.json,0,mixed-c2-y3-s0,,checkpoints/shape_cnn_v1/best_model.pt,cuboid,cuboid,1.0,camera,0,top_down_ik_contact,1,0,1,1,,0.0001933475387711523,,,,outputs/cnn-local-validation/mixed-c2-y3-s0/summary.json,pick=3; default sizes; no online training; source=cnn; rescans=6; final_arrivals=True; threshold=0.8; support_contact_steps=0; model_sha256=16cef0f195e1d2f2f02af2967303772fd410b0566c9b22c877779e612c0f195c
cnn-local-mixed-c2-y3-s0,2026-10-05T19:44:27.757271+09:00,cnn_mixed_camera_transport,outputs/cnn-local-validation/mixed-c2-y3-s0/config.json,0,mixed-c2-y3-s0,,checkpoints/shape_cnn_v1/best_model.pt,cylinder,cylinder,1.0,camera,0,top_down_ik_contact,1,0,1,1,,9.431202932890454e-05,,,,outputs/cnn-local-validation/mixed-c2-y3-s0/summary.json,pick=4; default sizes; no online training; source=cnn; rescans=6; final_arrivals=True; threshold=0.8; support_contact_steps=0; model_sha256=16cef0f195e1d2f2f02af2967303772fd410b0566c9b22c877779e612c0f195c
cnn-local-mixed-c2-y3-s0,2026-10-05T19:44:27.757285+09:00,cnn_mixed_camera_transport,outputs/cnn-local-validation/mixed-c2-y3-s0/config.json,0,mixed-c2-y3-s0,,checkpoints/shape_cnn_v1/best_model.pt,cylinder,cylinder,1.0,camera,0,top_down_ik_contact,1,0,1,1,,0.00016161289669163026,,,,outputs/cnn-local-validation/mixed-c2-y3-s0/summary.json,pick=5; default sizes; no online training; source=cnn; rescans=6; final_arrivals=True; threshold=0.8; support_contact_steps=0; model_sha256=16cef0f195e1d2f2f02af2967303772fd410b0566c9b22c877779e612c0f195c
cnn-local-mixed-c2-y3-s1,2026-10-05T19:44:27.757549+09:00,cnn_mixed_camera_transport,outputs/cnn-local-validation/mixed-c2-y3-s1/config.json,1,mixed-c2-y3-s1,,checkpoints/shape_cnn_v1/best_model.pt,cylinder,cylinder,1.0,camera,0,top_down_ik_contact,1,0,1,1,,0.00023477234452369086,,,,outputs/cnn-local-validation/mixed-c2-y3-s1/summary.json,pick=1; default sizes; no online training; source=cnn; rescans=6; final_arrivals=True; threshold=0.8; support_contact_steps=0; model_sha256=16cef0f195e1d2f2f02af2967303772fd410b0566c9b22c877779e612c0f195c
cnn-local-mixed-c2-y3-s1,2026-10-05T19:44:27.757571+09:00,cnn_mixed_camera_transport,outputs/cnn-local-validation/mixed-c2-y3-s1/config.json,1,mixed-c2-y3-s1,,checkpoints/shape_cnn_v1/best_model.pt,cuboid,cuboid,1.0,camera,0,top_down_ik_contact,1,0,1,1,,3.970996297034478e-05,,,,outputs/cnn-local-validation/mixed-c2-y3-s1/summary.json,pick=2; default sizes; no online training; source=cnn; rescans=6; final_arrivals=True; threshold=0.8; support_contact_steps=0; model_sha256=16cef0f195e1d2f2f02af2967303772fd410b0566c9b22c877779e612c0f195c
cnn-local-mixed-c2-y3-s1,2026-10-05T19:44:27.757585+09:00,cnn_mixed_camera_transport,outputs/cnn-local-validation/mixed-c2-y3-s1/config.json,1,mixed-c2-y3-s1,,checkpoints/shape_cnn_v1/best_model.pt,cuboid,cuboid,1.0,camera,0,top_down_ik_contact,1,0,1,1,,9.640765407132483e-05,,,,outputs/cnn-local-validation/mixed-c2-y3-s1/summary.json,pick=3; default sizes; no online training; source=cnn; rescans=6; final_arrivals=True; threshold=0.8; support_contact_steps=0; model_sha256=16cef0f195e1d2f2f02af2967303772fd410b0566c9b22c877779e612c0f195c
cnn-local-mixed-c2-y3-s1,2026-10-05T19:44:27.757598+09:00,cnn_mixed_camera_transport,outputs/cnn-local-validation/mixed-c2-y3-s1/config.json,1,mixed-c2-y3-s1,,checkpoints/shape_cnn_v1/best_model.pt,cylinder,cylinder,1.0,camera,0,top_down_ik_contact,1,0,1,1,,0.00017771745341263595,,,,outputs/cnn-local-validation/mixed-c2-y3-s1/summary.json,pick=4; default sizes; no online training; source=cnn; rescans=6; final_arrivals=True; threshold=0.8; support_contact_steps=0; model_sha256=16cef0f195e1d2f2f02af2967303772fd410b0566c9b22c877779e612c0f195c
cnn-local-mixed-c2-y3-s1,2026-10-05T19:44:27.757611+09:00,cnn_mixed_camera_transport,outputs/cnn-local-validation/mixed-c2-y3-s1/config.json,1,mixed-c2-y3-s1,,checkpoints/shape_cnn_v1/best_model.pt,cylinder,cylinder,1.0,camera,0,top_down_ik_contact,1,0,1,1,,0.0003193333365959996,,,,outputs/cnn-local-validation/mixed-c2-y3-s1/summary.json,pick=5; default sizes; no online training; source=cnn; rescans=6; final_arrivals=True; threshold=0.8; support_contact_steps=0; model_sha256=16cef0f195e1d2f2f02af2967303772fd410b0566c9b22c877779e612c0f195c
cnn-local-mixed-c2-y3-s2,2026-10-05T19:44:27.757914+09:00,cnn_mixed_camera_transport,outputs/cnn-local-validation/mixed-c2-y3-s2/config.json,2,mixed-c2-y3-s2,,checkpoints/shape_cnn_v1/best_model.pt,cuboid,cuboid,1.0,camera,0,top_down_ik_contact,1,0,1,1,,9.430862075371173e-05,,,,outputs/cnn-local-validation/mixed-c2-y3-s2/summary.json,pick=1; default sizes; no online training; source=cnn; rescans=6; final_arrivals=True; threshold=0.8; support_contact_steps=0; model_sha256=16cef0f195e1d2f2f02af2967303772fd410b0566c9b22c877779e612c0f195c
cnn-local-mixed-c2-y3-s2,2026-10-05T19:44:27.757934+09:00,cnn_mixed_camera_transport,outputs/cnn-local-validation/mixed-c2-y3-s2/config.json,2,mixed-c2-y3-s2,,checkpoints/shape_cnn_v1/best_model.pt,cylinder,cylinder,1.0,camera,0,top_down_ik_contact,1,0,1,1,,0.00041293350598079013,,,,outputs/cnn-local-validation/mixed-c2-y3-s2/summary.json,pick=2; default sizes; no online training; source=cnn; rescans=6; final_arrivals=True; threshold=0.8; support_contact_steps=0; model_sha256=16cef0f195e1d2f2f02af2967303772fd410b0566c9b22c877779e612c0f195c
cnn-local-mixed-c2-y3-s2,2026-10-05T19:44:27.757950+09:00,cnn_mixed_camera_transport,outputs/cnn-local-validation/mixed-c2-y3-s2/config.json,2,mixed-c2-y3-s2,,checkpoints/shape_cnn_v1/best_model.pt,cuboid,cuboid,1.0,camera,0,top_down_ik_contact,1,0,1,1,,0.0007448980265737504,,,,outputs/cnn-local-validation/mixed-c2-y3-s2/summary.json,pick=3; default sizes; no online training; source=cnn; rescans=6; final_arrivals=True; threshold=0.8; support_contact_steps=0; model_sha256=16cef0f195e1d2f2f02af2967303772fd410b0566c9b22c877779e612c0f195c
cnn-local-mixed-c2-y3-s2,2026-10-05T19:44:27.757964+09:00,cnn_mixed_camera_transport,outputs/cnn-local-validation/mixed-c2-y3-s2/config.json,2,mixed-c2-y3-s2,,checkpoints/shape_cnn_v1/best_model.pt,cylinder,cylinder,1.0,camera,0,top_down_ik_contact,1,0,1,1,,0.0002917248369412593,,,,outputs/cnn-local-validation/mixed-c2-y3-s2/summary.json,pick=4; default sizes; no online training; source=cnn; rescans=6; final_arrivals=True; threshold=0.8; support_contact_steps=0; model_sha256=16cef0f195e1d2f2f02af2967303772fd410b0566c9b22c877779e612c0f195c
cnn-local-mixed-c2-y3-s2,2026-10-05T19:44:27.757977+09:00,cnn_mixed_camera_transport,outputs/cnn-local-validation/mixed-c2-y3-s2/config.json,2,mixed-c2-y3-s2,,checkpoints/shape_cnn_v1/best_model.pt,cylinder,cylinder,1.0,camera,0,top_down_ik_contact,1,0,1,1,,0.000680194622003881,,,,outputs/cnn-local-validation/mixed-c2-y3-s2/summary.json,pick=5; default sizes; no online training; source=cnn; rescans=6; final_arrivals=True; threshold=0.8; support_contact_steps=0; model_sha256=16cef0f195e1d2f2f02af2967303772fd410b0566c9b22c877779e612c0f195c
cnn-local-mixed-c3-y2-s0,2026-10-05T19:44:27.758161+09:00,cnn_mixed_camera_transport,outputs/cnn-local-validation/mixed-c3-y2-s0/config.json,0,mixed-c3-y2-s0,,checkpoints/shape_cnn_v1/best_model.pt,cylinder,cylinder,1.0,camera,0,top_down_ik_contact,1,0,1,1,,0.00016341907633690212,,,,outputs/cnn-local-validation/mixed-c3-y2-s0/summary.json,pick=1; default sizes; no online training; source=cnn; rescans=6; final_arrivals=True; threshold=0.8; support_contact_steps=0; model_sha256=16cef0f195e1d2f2f02af2967303772fd410b0566c9b22c877779e612c0f195c
cnn-local-mixed-c3-y2-s0,2026-10-05T19:44:27.758178+09:00,cnn_mixed_camera_transport,outputs/cnn-local-validation/mixed-c3-y2-s0/config.json,0,mixed-c3-y2-s0,,checkpoints/shape_cnn_v1/best_model.pt,cuboid,cuboid,1.0,camera,0,top_down_ik_contact,1,0,1,1,,4.510554319612586e-05,,,,outputs/cnn-local-validation/mixed-c3-y2-s0/summary.json,pick=2; default sizes; no online training; source=cnn; rescans=6; final_arrivals=True; threshold=0.8; support_contact_steps=0; model_sha256=16cef0f195e1d2f2f02af2967303772fd410b0566c9b22c877779e612c0f195c
cnn-local-mixed-c3-y2-s0,2026-10-05T19:44:27.758192+09:00,cnn_mixed_camera_transport,outputs/cnn-local-validation/mixed-c3-y2-s0/config.json,0,mixed-c3-y2-s0,,checkpoints/shape_cnn_v1/best_model.pt,cuboid,cuboid,1.0,camera,0,top_down_ik_contact,1,0,1,1,,0.00019342547348136398,,,,outputs/cnn-local-validation/mixed-c3-y2-s0/summary.json,pick=3; default sizes; no online training; source=cnn; rescans=6; final_arrivals=True; threshold=0.8; support_contact_steps=0; model_sha256=16cef0f195e1d2f2f02af2967303772fd410b0566c9b22c877779e612c0f195c
cnn-local-mixed-c3-y2-s0,2026-10-05T19:44:27.758206+09:00,cnn_mixed_camera_transport,outputs/cnn-local-validation/mixed-c3-y2-s0/config.json,0,mixed-c3-y2-s0,,checkpoints/shape_cnn_v1/best_model.pt,cuboid,cuboid,1.0,camera,0,top_down_ik_contact,1,0,1,1,,4.5693174655861305e-05,,,,outputs/cnn-local-validation/mixed-c3-y2-s0/summary.json,pick=4; default sizes; no online training; source=cnn; rescans=6; final_arrivals=True; threshold=0.8; support_contact_steps=0; model_sha256=16cef0f195e1d2f2f02af2967303772fd410b0566c9b22c877779e612c0f195c
cnn-local-mixed-c3-y2-s0,2026-10-05T19:44:27.758220+09:00,cnn_mixed_camera_transport,outputs/cnn-local-validation/mixed-c3-y2-s0/config.json,0,mixed-c3-y2-s0,,checkpoints/shape_cnn_v1/best_model.pt,cylinder,cylinder,1.0,camera,0,top_down_ik_contact,1,0,1,1,,0.0004216806586110602,,,,outputs/cnn-local-validation/mixed-c3-y2-s0/summary.json,pick=5; default sizes; no online training; source=cnn; rescans=6; final_arrivals=True; threshold=0.8; support_contact_steps=0; model_sha256=16cef0f195e1d2f2f02af2967303772fd410b0566c9b22c877779e612c0f195c
cnn-local-mixed-c3-y2-s1,2026-10-05T19:44:27.758407+09:00,cnn_mixed_camera_transport,outputs/cnn-local-validation/mixed-c3-y2-s1/config.json,1,mixed-c3-y2-s1,,checkpoints/shape_cnn_v1/best_model.pt,cuboid,cuboid,1.0,camera,0,top_down_ik_contact,1,0,1,1,,3.0673281824858293e-05,,,,outputs/cnn-local-validation/mixed-c3-y2-s1/summary.json,pick=1; default sizes; no online training; source=cnn; rescans=6; final_arrivals=True; threshold=0.8; support_contact_steps=0; model_sha256=16cef0f195e1d2f2f02af2967303772fd410b0566c9b22c877779e612c0f195c
cnn-local-mixed-c3-y2-s1,2026-10-05T19:44:27.758426+09:00,cnn_mixed_camera_transport,outputs/cnn-local-validation/mixed-c3-y2-s1/config.json,1,mixed-c3-y2-s1,,checkpoints/shape_cnn_v1/best_model.pt,cuboid,cuboid,1.0,camera,0,top_down_ik_contact,1,0,1,1,,3.9729487345425305e-05,,,,outputs/cnn-local-validation/mixed-c3-y2-s1/summary.json,pick=2; default sizes; no online training; source=cnn; rescans=6; final_arrivals=True; threshold=0.8; support_contact_steps=0; model_sha256=16cef0f195e1d2f2f02af2967303772fd410b0566c9b22c877779e612c0f195c
cnn-local-mixed-c3-y2-s1,2026-10-05T19:44:27.758440+09:00,cnn_mixed_camera_transport,outputs/cnn-local-validation/mixed-c3-y2-s1/config.json,1,mixed-c3-y2-s1,,checkpoints/shape_cnn_v1/best_model.pt,cuboid,cuboid,1.0,camera,0,top_down_ik_contact,1,0,1,1,,9.640765407132483e-05,,,,outputs/cnn-local-validation/mixed-c3-y2-s1/summary.json,pick=3; default sizes; no online training; source=cnn; rescans=6; final_arrivals=True; threshold=0.8; support_contact_steps=0; model_sha256=16cef0f195e1d2f2f02af2967303772fd410b0566c9b22c877779e612c0f195c
cnn-local-mixed-c3-y2-s1,2026-10-05T19:44:27.758453+09:00,cnn_mixed_camera_transport,outputs/cnn-local-validation/mixed-c3-y2-s1/config.json,1,mixed-c3-y2-s1,,checkpoints/shape_cnn_v1/best_model.pt,cylinder,cylinder,1.0,camera,0,top_down_ik_contact,1,0,1,1,,0.0001299030858838875,,,,outputs/cnn-local-validation/mixed-c3-y2-s1/summary.json,pick=4; default sizes; no online training; source=cnn; rescans=6; final_arrivals=True; threshold=0.8; support_contact_steps=0; model_sha256=16cef0f195e1d2f2f02af2967303772fd410b0566c9b22c877779e612c0f195c
cnn-local-mixed-c3-y2-s1,2026-10-05T19:44:27.758466+09:00,cnn_mixed_camera_transport,outputs/cnn-local-validation/mixed-c3-y2-s1/config.json,1,mixed-c3-y2-s1,,checkpoints/shape_cnn_v1/best_model.pt,cylinder,cylinder,1.0,camera,0,top_down_ik_contact,1,0,1,1,,0.0003193333365959996,,,,outputs/cnn-local-validation/mixed-c3-y2-s1/summary.json,pick=5; default sizes; no online training; source=cnn; rescans=6; final_arrivals=True; threshold=0.8; support_contact_steps=0; model_sha256=16cef0f195e1d2f2f02af2967303772fd410b0566c9b22c877779e612c0f195c
cnn-local-mixed-c3-y2-s2,2026-10-05T19:44:27.758642+09:00,cnn_mixed_camera_transport,outputs/cnn-local-validation/mixed-c3-y2-s2/config.json,2,mixed-c3-y2-s2,,checkpoints/shape_cnn_v1/best_model.pt,cuboid,cuboid,1.0,camera,0,top_down_ik_contact,1,0,1,1,,9.430862075371173e-05,,,,outputs/cnn-local-validation/mixed-c3-y2-s2/summary.json,pick=1; default sizes; no online training; source=cnn; rescans=6; final_arrivals=True; threshold=0.8; support_contact_steps=0; model_sha256=16cef0f195e1d2f2f02af2967303772fd410b0566c9b22c877779e612c0f195c
cnn-local-mixed-c3-y2-s2,2026-10-05T19:44:27.758660+09:00,cnn_mixed_camera_transport,outputs/cnn-local-validation/mixed-c3-y2-s2/config.json,2,mixed-c3-y2-s2,,checkpoints/shape_cnn_v1/best_model.pt,cylinder,cylinder,1.0,camera,0,top_down_ik_contact,1,0,1,1,,0.00041293350598079013,,,,outputs/cnn-local-validation/mixed-c3-y2-s2/summary.json,pick=2; default sizes; no online training; source=cnn; rescans=6; final_arrivals=True; threshold=0.8; support_contact_steps=0; model_sha256=16cef0f195e1d2f2f02af2967303772fd410b0566c9b22c877779e612c0f195c
cnn-local-mixed-c3-y2-s2,2026-10-05T19:44:27.758676+09:00,cnn_mixed_camera_transport,outputs/cnn-local-validation/mixed-c3-y2-s2/config.json,2,mixed-c3-y2-s2,,checkpoints/shape_cnn_v1/best_model.pt,cuboid,cuboid,1.0,camera,0,top_down_ik_contact,1,0,1,1,,6.27664436112362e-05,,,,outputs/cnn-local-validation/mixed-c3-y2-s2/summary.json,pick=3; default sizes; no online training; source=cnn; rescans=6; final_arrivals=True; threshold=0.8; support_contact_steps=0; model_sha256=16cef0f195e1d2f2f02af2967303772fd410b0566c9b22c877779e612c0f195c
cnn-local-mixed-c3-y2-s2,2026-10-05T19:44:27.758689+09:00,cnn_mixed_camera_transport,outputs/cnn-local-validation/mixed-c3-y2-s2/config.json,2,mixed-c3-y2-s2,,checkpoints/shape_cnn_v1/best_model.pt,cuboid,cuboid,1.0,camera,0,top_down_ik_contact,1,0,1,1,,0.0006344113715797149,,,,outputs/cnn-local-validation/mixed-c3-y2-s2/summary.json,pick=4; default sizes; no online training; source=cnn; rescans=6; final_arrivals=True; threshold=0.8; support_contact_steps=0; model_sha256=16cef0f195e1d2f2f02af2967303772fd410b0566c9b22c877779e612c0f195c
cnn-local-mixed-c3-y2-s2,2026-10-05T19:44:27.758702+09:00,cnn_mixed_camera_transport,outputs/cnn-local-validation/mixed-c3-y2-s2/config.json,2,mixed-c3-y2-s2,,checkpoints/shape_cnn_v1/best_model.pt,cylinder,cylinder,1.0,camera,0,top_down_ik_contact,1,0,1,1,,0.00029603831762329186,,,,outputs/cnn-local-validation/mixed-c3-y2-s2/summary.json,pick=5; default sizes; no online training; source=cnn; rescans=6; final_arrivals=True; threshold=0.8; support_contact_steps=0; model_sha256=16cef0f195e1d2f2f02af2967303772fd410b0566c9b22c877779e612c0f195c
cnn-priority-mixed-c3-y2-s0,2026-10-05T20:02:50.098327+09:00,cnn_priority_mixed_transport,outputs/cnn-priority-validation/mixed-c3-y2-s0/config.json,0,mixed-c3-y2-s0,,checkpoints/shape_cnn_v1/best_model.pt,,,,camera,0,depth_priority_first_valid_top_down_ik_contact,1,0,1,1,,,,,,outputs/cnn-priority-validation/mixed-c3-y2-s0/summary.json,scene=5 objects; classification_correct=5/5; arrivals=5/5; old_cnn_calls=15; new_cnn_calls=5; scans=6; final_arrivals=True; default sizes; no failed candidates in these scenes
cnn-priority-mixed-c3-y2-s1,2026-10-05T20:02:50.098503+09:00,cnn_priority_mixed_transport,outputs/cnn-priority-validation/mixed-c3-y2-s1/config.json,1,mixed-c3-y2-s1,,checkpoints/shape_cnn_v1/best_model.pt,,,,camera,0,depth_priority_first_valid_top_down_ik_contact,1,0,1,1,,,,,,outputs/cnn-priority-validation/mixed-c3-y2-s1/summary.json,scene=5 objects; classification_correct=5/5; arrivals=5/5; old_cnn_calls=15; new_cnn_calls=5; scans=6; final_arrivals=True; default sizes; no failed candidates in these scenes
cnn-priority-mixed-c3-y2-s2,2026-10-05T20:02:50.098638+09:00,cnn_priority_mixed_transport,outputs/cnn-priority-validation/mixed-c3-y2-s2/config.json,2,mixed-c3-y2-s2,,checkpoints/shape_cnn_v1/best_model.pt,,,,camera,0,depth_priority_first_valid_top_down_ik_contact,1,0,1,1,,,,,,outputs/cnn-priority-validation/mixed-c3-y2-s2/summary.json,scene=5 objects; classification_correct=5/5; arrivals=5/5; old_cnn_calls=15; new_cnn_calls=5; scans=6; final_arrivals=True; default sizes; no failed candidates in these scenes
cnn-priority-mixed-c2-y3-s0,2026-10-05T20:02:50.098760+09:00,cnn_priority_mixed_transport,outputs/cnn-priority-validation/mixed-c2-y3-s0/config.json,0,mixed-c2-y3-s0,,checkpoints/shape_cnn_v1/best_model.pt,,,,camera,0,depth_priority_first_valid_top_down_ik_contact,1,0,1,1,,,,,,outputs/cnn-priority-validation/mixed-c2-y3-s0/summary.json,scene=5 objects; classification_correct=5/5; arrivals=5/5; old_cnn_calls=15; new_cnn_calls=5; scans=6; final_arrivals=True; default sizes; no failed candidates in these scenes
cnn-priority-mixed-c2-y3-s1,2026-10-05T20:02:50.098880+09:00,cnn_priority_mixed_transport,outputs/cnn-priority-validation/mixed-c2-y3-s1/config.json,1,mixed-c2-y3-s1,,checkpoints/shape_cnn_v1/best_model.pt,,,,camera,0,depth_priority_first_valid_top_down_ik_contact,1,0,1,1,,,,,,outputs/cnn-priority-validation/mixed-c2-y3-s1/summary.json,scene=5 objects; classification_correct=5/5; arrivals=5/5; old_cnn_calls=15; new_cnn_calls=5; scans=6; final_arrivals=True; default sizes; no failed candidates in these scenes
cnn-priority-mixed-c2-y3-s2,2026-10-05T20:02:50.098995+09:00,cnn_priority_mixed_transport,outputs/cnn-priority-validation/mixed-c2-y3-s2/config.json,2,mixed-c2-y3-s2,,checkpoints/shape_cnn_v1/best_model.pt,,,,camera,0,depth_priority_first_valid_top_down_ik_contact,1,0,1,1,,,,,,outputs/cnn-priority-validation/mixed-c2-y3-s2/summary.json,scene=5 objects; classification_correct=5/5; arrivals=5/5; old_cnn_calls=15; new_cnn_calls=5; scans=6; final_arrivals=True; default sizes; no failed candidates in these scenes
random-size-before-circle-edge-w6.4-h7-c3-y2,2026-10-05T21:37:03.103123+09:00,random_size_failed_diagnostic,outputs/random-size-validation/edge-w6.4-h7-c3-y2/config.json,10,edge-w6.4-h7-c3-y2,,checkpoints/shape_cnn_v1/best_model.pt,,,,camera,0,depth_priority_first_valid_top_down_ik_contact,0,,0,0,no_valid_target,,,,,outputs/random-size-validation/edge-w6.4-h7-c3-y2/summary.json,"revision=d19e90c; scene_success=False; picked=4/5; classification_correct=4/5; correct_individual_arrivals=4/5; final_arrivals=False; cnn_calls=5; attempted_seeds=[10]; width=3..6.4cm height=3..7cm or fixed boundary; solver_iterations=100; true_bin_arrival here requires final whole-scene stability; saved sizes/IDs used only for evaluation, not grasp planning; selected repeated scenes, not general success rate"
random-size-before-circle-edge-w6.4-h7-c2-y3,2026-10-05T21:37:03.103285+09:00,random_size_failed_diagnostic,outputs/random-size-validation/edge-w6.4-h7-c2-y3/config.json,10,edge-w6.4-h7-c2-y3,,checkpoints/shape_cnn_v1/best_model.pt,,,,camera,0,depth_priority_first_valid_top_down_ik_contact,0,,0,0,no_valid_target,,,,,outputs/random-size-validation/edge-w6.4-h7-c2-y3/summary.json,"revision=d19e90c; scene_success=False; picked=4/5; classification_correct=4/5; correct_individual_arrivals=4/5; final_arrivals=False; cnn_calls=7; attempted_seeds=[10, 11]; width=3..6.4cm height=3..7cm or fixed boundary; solver_iterations=100; true_bin_arrival here requires final whole-scene stability; saved sizes/IDs used only for evaluation, not grasp planning; selected repeated scenes, not general success rate"
random-size-before-circle-edge-w6.4-h7-c0-y5,2026-10-05T21:37:03.103414+09:00,random_size_failed_diagnostic,outputs/random-size-validation/edge-w6.4-h7-c0-y5/config.json,10,edge-w6.4-h7-c0-y5,,checkpoints/shape_cnn_v1/best_model.pt,,,,camera,0,depth_priority_first_valid_top_down_ik_contact,0,,0,0,no_valid_target,,,,,outputs/random-size-validation/edge-w6.4-h7-c0-y5/summary.json,"revision=d19e90c; scene_success=False; picked=3/5; classification_correct=3/5; correct_individual_arrivals=3/5; final_arrivals=False; cnn_calls=7; attempted_seeds=[10, 11]; width=3..6.4cm height=3..7cm or fixed boundary; solver_iterations=100; true_bin_arrival here requires final whole-scene stability; saved sizes/IDs used only for evaluation, not grasp planning; selected repeated scenes, not general success rate"
random-size-before-solver-settle-fixed-random-c0-y5-s0,2026-10-05T21:37:03.103569+09:00,random_size_failed_diagnostic,outputs/random-size-validation/settle-fixed-random-c0-y5-s0/config.json,0,settle-fixed-random-c0-y5-s0,,checkpoints/shape_cnn_v1/best_model.pt,,,,camera,0,depth_priority_first_valid_top_down_ik_contact,1,,1,0,final_arrival_not_verified,,,,,outputs/random-size-validation/settle-fixed-random-c0-y5-s0/summary.json,"revision=a14eab2+final_wait; scene_success=False; picked=5/5; classification_correct=5/5; correct_individual_arrivals=5/5; final_arrivals=False; cnn_calls=5; attempted_seeds=[0, 1]; width=3..6.4cm height=3..7cm or fixed boundary; solver_iterations=100; true_bin_arrival here requires final whole-scene stability; saved sizes/IDs used only for evaluation, not grasp planning; selected repeated scenes, not general success rate"
random-size-before-solver-settle-fixed-random-c0-y5-s1,2026-10-05T21:37:03.103702+09:00,random_size_failed_diagnostic,outputs/random-size-validation/settle-fixed-random-c0-y5-s1/config.json,1,settle-fixed-random-c0-y5-s1,,checkpoints/shape_cnn_v1/best_model.pt,,,,camera,0,depth_priority_first_valid_top_down_ik_contact,1,,1,0,final_arrival_not_verified,,,,,outputs/random-size-validation/settle-fixed-random-c0-y5-s1/summary.json,"revision=a14eab2+final_wait; scene_success=False; picked=5/5; classification_correct=5/5; correct_individual_arrivals=5/5; final_arrivals=False; cnn_calls=5; attempted_seeds=[1]; width=3..6.4cm height=3..7cm or fixed boundary; solver_iterations=100; true_bin_arrival here requires final whole-scene stability; saved sizes/IDs used only for evaluation, not grasp planning; selected repeated scenes, not general success rate"
random-size-verified-verified-random-c3-y2-s0,2026-10-05T21:37:03.103898+09:00,random_size_mixed_transport,outputs/random-size-validation/verified-random-c3-y2-s0/config.json,0,verified-random-c3-y2-s0,,checkpoints/shape_cnn_v1/best_model.pt,,,,camera,0,depth_priority_first_valid_top_down_ik_contact,1,,1,1,,,,,,outputs/random-size-validation/verified-random-c3-y2-s0/summary.json,"revision=1489285; scene_success=True; picked=5/5; classification_correct=5/5; correct_individual_arrivals=5/5; final_arrivals=True; cnn_calls=9; attempted_seeds=[0, 1]; width=3..6.4cm height=3..7cm or fixed boundary; solver_iterations=200; true_bin_arrival here requires final whole-scene stability; saved sizes/IDs used only for evaluation, not grasp planning; selected repeated scenes, not general success rate"
random-size-verified-verified-random-c3-y2-s1,2026-10-05T21:37:03.104027+09:00,random_size_mixed_transport,outputs/random-size-validation/verified-random-c3-y2-s1/config.json,1,verified-random-c3-y2-s1,,checkpoints/shape_cnn_v1/best_model.pt,,,,camera,0,depth_priority_first_valid_top_down_ik_contact,1,,1,1,,,,,,outputs/random-size-validation/verified-random-c3-y2-s1/summary.json,"revision=1489285; scene_success=True; picked=5/5; classification_correct=5/5; correct_individual_arrivals=5/5; final_arrivals=True; cnn_calls=9; attempted_seeds=[1]; width=3..6.4cm height=3..7cm or fixed boundary; solver_iterations=200; true_bin_arrival here requires final whole-scene stability; saved sizes/IDs used only for evaluation, not grasp planning; selected repeated scenes, not general success rate"
random-size-verified-verified-random-c3-y2-s2,2026-10-05T21:37:03.104148+09:00,random_size_mixed_transport,outputs/random-size-validation/verified-random-c3-y2-s2/config.json,2,verified-random-c3-y2-s2,,checkpoints/shape_cnn_v1/best_model.pt,,,,camera,0,depth_priority_first_valid_top_down_ik_contact,1,,1,1,,,,,,outputs/random-size-validation/verified-random-c3-y2-s2/summary.json,"revision=1489285; scene_success=True; picked=5/5; classification_correct=5/5; correct_individual_arrivals=5/5; final_arrivals=True; cnn_calls=5; attempted_seeds=[2, 3]; width=3..6.4cm height=3..7cm or fixed boundary; solver_iterations=200; true_bin_arrival here requires final whole-scene stability; saved sizes/IDs used only for evaluation, not grasp planning; selected repeated scenes, not general success rate"
random-size-verified-verified-edge-w3-h3-c3-y2,2026-10-05T21:37:03.104268+09:00,random_size_mixed_transport,outputs/random-size-validation/verified-edge-w3-h3-c3-y2/config.json,10,verified-edge-w3-h3-c3-y2,,checkpoints/shape_cnn_v1/best_model.pt,,,,camera,0,depth_priority_first_valid_top_down_ik_contact,1,,1,1,,,,,,outputs/random-size-validation/verified-edge-w3-h3-c3-y2/summary.json,"revision=1489285; scene_success=True; picked=5/5; classification_correct=5/5; correct_individual_arrivals=5/5; final_arrivals=True; cnn_calls=5; attempted_seeds=[10]; width=3..6.4cm height=3..7cm or fixed boundary; solver_iterations=200; true_bin_arrival here requires final whole-scene stability; saved sizes/IDs used only for evaluation, not grasp planning; selected repeated scenes, not general success rate"
random-size-verified-verified-edge-w6.4-h7-c3-y2,2026-10-05T21:37:03.104389+09:00,random_size_mixed_transport,outputs/random-size-validation/verified-edge-w6.4-h7-c3-y2/config.json,10,verified-edge-w6.4-h7-c3-y2,,checkpoints/shape_cnn_v1/best_model.pt,,,,camera,0,depth_priority_first_valid_top_down_ik_contact,1,,1,1,,,,,,outputs/random-size-validation/verified-edge-w6.4-h7-c3-y2/summary.json,"revision=1489285; scene_success=True; picked=5/5; classification_correct=5/5; correct_individual_arrivals=5/5; final_arrivals=True; cnn_calls=5; attempted_seeds=[10]; width=3..6.4cm height=3..7cm or fixed boundary; solver_iterations=200; true_bin_arrival here requires final whole-scene stability; saved sizes/IDs used only for evaluation, not grasp planning; selected repeated scenes, not general success rate"
random-size-verified-verified-random-c2-y3-s0,2026-10-05T21:37:03.104507+09:00,random_size_mixed_transport,outputs/random-size-validation/verified-random-c2-y3-s0/config.json,0,verified-random-c2-y3-s0,,checkpoints/shape_cnn_v1/best_model.pt,,,,camera,0,depth_priority_first_valid_top_down_ik_contact,1,,1,1,,,,,,outputs/random-size-validation/verified-random-c2-y3-s0/summary.json,"revision=1489285; scene_success=True; picked=5/5; classification_correct=5/5; correct_individual_arrivals=5/5; final_arrivals=True; cnn_calls=6; attempted_seeds=[0]; width=3..6.4cm height=3..7cm or fixed boundary; solver_iterations=200; true_bin_arrival here requires final whole-scene stability; saved sizes/IDs used only for evaluation, not grasp planning; selected repeated scenes, not general success rate"
random-size-verified-verified-random-c2-y3-s1,2026-10-05T21:37:03.104631+09:00,random_size_mixed_transport,outputs/random-size-validation/verified-random-c2-y3-s1/config.json,1,verified-random-c2-y3-s1,,checkpoints/shape_cnn_v1/best_model.pt,,,,camera,0,depth_priority_first_valid_top_down_ik_contact,1,,1,1,,,,,,outputs/random-size-validation/verified-random-c2-y3-s1/summary.json,"revision=1489285; scene_success=True; picked=5/5; classification_correct=5/5; correct_individual_arrivals=5/5; final_arrivals=True; cnn_calls=9; attempted_seeds=[1, 2]; width=3..6.4cm height=3..7cm or fixed boundary; solver_iterations=200; true_bin_arrival here requires final whole-scene stability; saved sizes/IDs used only for evaluation, not grasp planning; selected repeated scenes, not general success rate"
random-size-verified-verified-random-c2-y3-s2,2026-10-05T21:37:03.104750+09:00,random_size_mixed_transport,outputs/random-size-validation/verified-random-c2-y3-s2/config.json,2,verified-random-c2-y3-s2,,checkpoints/shape_cnn_v1/best_model.pt,,,,camera,0,depth_priority_first_valid_top_down_ik_contact,1,,1,1,,,,,,outputs/random-size-validation/verified-random-c2-y3-s2/summary.json,"revision=1489285; scene_success=True; picked=5/5; classification_correct=5/5; correct_individual_arrivals=5/5; final_arrivals=True; cnn_calls=9; attempted_seeds=[2]; width=3..6.4cm height=3..7cm or fixed boundary; solver_iterations=200; true_bin_arrival here requires final whole-scene stability; saved sizes/IDs used only for evaluation, not grasp planning; selected repeated scenes, not general success rate"
random-size-verified-verified-edge-w3-h3-c2-y3,2026-10-05T21:37:03.104867+09:00,random_size_mixed_transport,outputs/random-size-validation/verified-edge-w3-h3-c2-y3/config.json,10,verified-edge-w3-h3-c2-y3,,checkpoints/shape_cnn_v1/best_model.pt,,,,camera,0,depth_priority_first_valid_top_down_ik_contact,1,,1,1,,,,,,outputs/random-size-validation/verified-edge-w3-h3-c2-y3/summary.json,"revision=1489285; scene_success=True; picked=5/5; classification_correct=5/5; correct_individual_arrivals=5/5; final_arrivals=True; cnn_calls=5; attempted_seeds=[10]; width=3..6.4cm height=3..7cm or fixed boundary; solver_iterations=200; true_bin_arrival here requires final whole-scene stability; saved sizes/IDs used only for evaluation, not grasp planning; selected repeated scenes, not general success rate"
random-size-verified-verified-edge-w6.4-h7-c2-y3,2026-10-05T21:37:03.104981+09:00,random_size_mixed_transport,outputs/random-size-validation/verified-edge-w6.4-h7-c2-y3/config.json,10,verified-edge-w6.4-h7-c2-y3,,checkpoints/shape_cnn_v1/best_model.pt,,,,camera,0,depth_priority_first_valid_top_down_ik_contact,1,,1,1,,,,,,outputs/random-size-validation/verified-edge-w6.4-h7-c2-y3/summary.json,"revision=1489285; scene_success=True; picked=5/5; classification_correct=5/5; correct_individual_arrivals=5/5; final_arrivals=True; cnn_calls=5; attempted_seeds=[10, 11]; width=3..6.4cm height=3..7cm or fixed boundary; solver_iterations=200; true_bin_arrival here requires final whole-scene stability; saved sizes/IDs used only for evaluation, not grasp planning; selected repeated scenes, not general success rate"
random-size-verified-verified-random-c5-y0-s0,2026-10-05T21:37:03.105096+09:00,random_size_mixed_transport,outputs/random-size-validation/verified-random-c5-y0-s0/config.json,0,verified-random-c5-y0-s0,,checkpoints/shape_cnn_v1/best_model.pt,,,,camera,0,depth_priority_first_valid_top_down_ik_contact,1,,1,1,,,,,,outputs/random-size-validation/verified-random-c5-y0-s0/summary.json,"revision=1489285; scene_success=True; picked=5/5; classification_correct=5/5; correct_individual_arrivals=5/5; final_arrivals=True; cnn_calls=7; attempted_seeds=[0]; width=3..6.4cm height=3..7cm or fixed boundary; solver_iterations=200; true_bin_arrival here requires final whole-scene stability; saved sizes/IDs used only for evaluation, not grasp planning; selected repeated scenes, not general success rate"
random-size-verified-verified-random-c5-y0-s1,2026-10-05T21:37:03.105221+09:00,random_size_mixed_transport,outputs/random-size-validation/verified-random-c5-y0-s1/config.json,1,verified-random-c5-y0-s1,,checkpoints/shape_cnn_v1/best_model.pt,,,,camera,0,depth_priority_first_valid_top_down_ik_contact,1,,1,1,,,,,,outputs/random-size-validation/verified-random-c5-y0-s1/summary.json,"revision=1489285; scene_success=True; picked=5/5; classification_correct=5/5; correct_individual_arrivals=5/5; final_arrivals=True; cnn_calls=8; attempted_seeds=[1]; width=3..6.4cm height=3..7cm or fixed boundary; solver_iterations=200; true_bin_arrival here requires final whole-scene stability; saved sizes/IDs used only for evaluation, not grasp planning; selected repeated scenes, not general success rate"
random-size-verified-verified-random-c5-y0-s2,2026-10-05T21:37:03.105342+09:00,random_size_mixed_transport,outputs/random-size-validation/verified-random-c5-y0-s2/config.json,2,verified-random-c5-y0-s2,,checkpoints/shape_cnn_v1/best_model.pt,,,,camera,0,depth_priority_first_valid_top_down_ik_contact,1,,1,1,,,,,,outputs/random-size-validation/verified-random-c5-y0-s2/summary.json,"revision=1489285; scene_success=True; picked=5/5; classification_correct=5/5; correct_individual_arrivals=5/5; final_arrivals=True; cnn_calls=5; attempted_seeds=[2, 3]; width=3..6.4cm height=3..7cm or fixed boundary; solver_iterations=200; true_bin_arrival here requires final whole-scene stability; saved sizes/IDs used only for evaluation, not grasp planning; selected repeated scenes, not general success rate"
random-size-verified-verified-edge-w3-h3-c5-y0,2026-10-05T21:37:03.105455+09:00,random_size_mixed_transport,outputs/random-size-validation/verified-edge-w3-h3-c5-y0/config.json,10,verified-edge-w3-h3-c5-y0,,checkpoints/shape_cnn_v1/best_model.pt,,,,camera,0,depth_priority_first_valid_top_down_ik_contact,1,,1,1,,,,,,outputs/random-size-validation/verified-edge-w3-h3-c5-y0/summary.json,"revision=1489285; scene_success=True; picked=5/5; classification_correct=5/5; correct_individual_arrivals=5/5; final_arrivals=True; cnn_calls=5; attempted_seeds=[10]; width=3..6.4cm height=3..7cm or fixed boundary; solver_iterations=200; true_bin_arrival here requires final whole-scene stability; saved sizes/IDs used only for evaluation, not grasp planning; selected repeated scenes, not general success rate"
random-size-verified-verified-edge-w6.4-h7-c5-y0,2026-10-05T21:37:03.105568+09:00,random_size_mixed_transport,outputs/random-size-validation/verified-edge-w6.4-h7-c5-y0/config.json,10,verified-edge-w6.4-h7-c5-y0,,checkpoints/shape_cnn_v1/best_model.pt,,,,camera,0,depth_priority_first_valid_top_down_ik_contact,1,,1,1,,,,,,outputs/random-size-validation/verified-edge-w6.4-h7-c5-y0/summary.json,"revision=1489285; scene_success=True; picked=5/5; classification_correct=5/5; correct_individual_arrivals=5/5; final_arrivals=True; cnn_calls=5; attempted_seeds=[10]; width=3..6.4cm height=3..7cm or fixed boundary; solver_iterations=200; true_bin_arrival here requires final whole-scene stability; saved sizes/IDs used only for evaluation, not grasp planning; selected repeated scenes, not general success rate"
random-size-verified-verified-random-c0-y5-s0,2026-10-05T21:37:03.105684+09:00,random_size_mixed_transport,outputs/random-size-validation/verified-random-c0-y5-s0/config.json,0,verified-random-c0-y5-s0,,checkpoints/shape_cnn_v1/best_model.pt,,,,camera,0,depth_priority_first_valid_top_down_ik_contact,1,,1,1,,,,,,outputs/random-size-validation/verified-random-c0-y5-s0/summary.json,"revision=1489285; scene_success=True; picked=5/5; classification_correct=5/5; correct_individual_arrivals=5/5; final_arrivals=True; cnn_calls=5; attempted_seeds=[0, 1]; width=3..6.4cm height=3..7cm or fixed boundary; solver_iterations=200; true_bin_arrival here requires final whole-scene stability; saved sizes/IDs used only for evaluation, not grasp planning; selected repeated scenes, not general success rate"
random-size-verified-verified-random-c0-y5-s1,2026-10-05T21:37:03.105799+09:00,random_size_mixed_transport,outputs/random-size-validation/verified-random-c0-y5-s1/config.json,1,verified-random-c0-y5-s1,,checkpoints/shape_cnn_v1/best_model.pt,,,,camera,0,depth_priority_first_valid_top_down_ik_contact,1,,1,1,,,,,,outputs/random-size-validation/verified-random-c0-y5-s1/summary.json,"revision=1489285; scene_success=True; picked=5/5; classification_correct=5/5; correct_individual_arrivals=5/5; final_arrivals=True; cnn_calls=5; attempted_seeds=[1]; width=3..6.4cm height=3..7cm or fixed boundary; solver_iterations=200; true_bin_arrival here requires final whole-scene stability; saved sizes/IDs used only for evaluation, not grasp planning; selected repeated scenes, not general success rate"
random-size-verified-verified-random-c0-y5-s2,2026-10-05T21:37:03.105914+09:00,random_size_mixed_transport,outputs/random-size-validation/verified-random-c0-y5-s2/config.json,2,verified-random-c0-y5-s2,,checkpoints/shape_cnn_v1/best_model.pt,,,,camera,0,depth_priority_first_valid_top_down_ik_contact,1,,1,1,,,,,,outputs/random-size-validation/verified-random-c0-y5-s2/summary.json,"revision=1489285; scene_success=True; picked=5/5; classification_correct=5/5; correct_individual_arrivals=5/5; final_arrivals=True; cnn_calls=5; attempted_seeds=[2]; width=3..6.4cm height=3..7cm or fixed boundary; solver_iterations=200; true_bin_arrival here requires final whole-scene stability; saved sizes/IDs used only for evaluation, not grasp planning; selected repeated scenes, not general success rate"
random-size-verified-verified-edge-w3-h3-c0-y5,2026-10-05T21:37:03.106027+09:00,random_size_mixed_transport,outputs/random-size-validation/verified-edge-w3-h3-c0-y5/config.json,10,verified-edge-w3-h3-c0-y5,,checkpoints/shape_cnn_v1/best_model.pt,,,,camera,0,depth_priority_first_valid_top_down_ik_contact,1,,1,1,,,,,,outputs/random-size-validation/verified-edge-w3-h3-c0-y5/summary.json,"revision=1489285; scene_success=True; picked=5/5; classification_correct=5/5; correct_individual_arrivals=5/5; final_arrivals=True; cnn_calls=5; attempted_seeds=[10]; width=3..6.4cm height=3..7cm or fixed boundary; solver_iterations=200; true_bin_arrival here requires final whole-scene stability; saved sizes/IDs used only for evaluation, not grasp planning; selected repeated scenes, not general success rate"
random-size-verified-verified-edge-w6.4-h7-c0-y5,2026-10-05T21:37:03.106142+09:00,random_size_mixed_transport,outputs/random-size-validation/verified-edge-w6.4-h7-c0-y5/config.json,10,verified-edge-w6.4-h7-c0-y5,,checkpoints/shape_cnn_v1/best_model.pt,,,,camera,0,depth_priority_first_valid_top_down_ik_contact,1,,1,1,,,,,,outputs/random-size-validation/verified-edge-w6.4-h7-c0-y5/summary.json,"revision=1489285; scene_success=True; picked=5/5; classification_correct=5/5; correct_individual_arrivals=5/5; final_arrivals=True; cnn_calls=5; attempted_seeds=[10, 11]; width=3..6.4cm height=3..7cm or fixed boundary; solver_iterations=200; true_bin_arrival here requires final whole-scene stability; saved sizes/IDs used only for evaluation, not grasp planning; selected repeated scenes, not general success rate"
grasp-retry-edge-miss-first-cuboid-0,2026-10-06T00:32:07.319618+09:00,grasp_retry_physical_first_miss,outputs/grasp-retry-validation/edge-miss-first-cuboid-0/config.json,,edge-miss-first-cuboid-0,,checkpoints/shape_cnn_v1/best_model.pt,,,,camera,0,same_top_down_ik_contact_fresh_camera_after_recovery,1,0,1,1,,,,,,outputs/grasp-retry-validation/edge-miss-first-cuboid-0/sort/sort_result.json,injected fault=actual first close kept open; attempts=2; first attempt lift failed; recoveries=1; correct_arrivals=1; all final arrivals=True; max_retries=2; previous camera XY within 3cm used to associate retry target; no truth-coordinate correction; fixed edge size or random mixed seed1; selected conditions only
grasp-retry-edge-miss-first-cuboid-1,2026-10-06T00:32:07.319829+09:00,grasp_retry_physical_first_miss,outputs/grasp-retry-validation/edge-miss-first-cuboid-1/config.json,,edge-miss-first-cuboid-1,,checkpoints/shape_cnn_v1/best_model.pt,,,,camera,0,same_top_down_ik_contact_fresh_camera_after_recovery,1,0,1,1,,,,,,outputs/grasp-retry-validation/edge-miss-first-cuboid-1/sort/sort_result.json,injected fault=actual first close kept open; attempts=2; first attempt lift failed; recoveries=1; correct_arrivals=1; all final arrivals=True; max_retries=2; previous camera XY within 3cm used to associate retry target; no truth-coordinate correction; fixed edge size or random mixed seed1; selected conditions only
grasp-retry-edge-miss-first-cylinder-2,2026-10-06T00:32:07.320009+09:00,grasp_retry_physical_first_miss,outputs/grasp-retry-validation/edge-miss-first-cylinder-2/config.json,,edge-miss-first-cylinder-2,,checkpoints/shape_cnn_v1/best_model.pt,,,,camera,0,same_top_down_ik_contact_fresh_camera_after_recovery,1,0,1,1,,,,,,outputs/grasp-retry-validation/edge-miss-first-cylinder-2/sort/sort_result.json,injected fault=actual first close kept open; attempts=2; first attempt lift failed; recoveries=1; correct_arrivals=1; all final arrivals=True; max_retries=2; previous camera XY within 3cm used to associate retry target; no truth-coordinate correction; fixed edge size or random mixed seed1; selected conditions only
grasp-retry-edge-miss-first-cylinder-3,2026-10-06T00:32:07.320173+09:00,grasp_retry_physical_first_miss,outputs/grasp-retry-validation/edge-miss-first-cylinder-3/config.json,,edge-miss-first-cylinder-3,,checkpoints/shape_cnn_v1/best_model.pt,,,,camera,0,same_top_down_ik_contact_fresh_camera_after_recovery,1,0,1,1,,,,,,outputs/grasp-retry-validation/edge-miss-first-cylinder-3/sort/sort_result.json,injected fault=actual first close kept open; attempts=2; first attempt lift failed; recoveries=1; correct_arrivals=1; all final arrivals=True; max_retries=2; previous camera XY within 3cm used to associate retry target; no truth-coordinate correction; fixed edge size or random mixed seed1; selected conditions only
grasp-retry-mixed-random-miss-first,2026-10-06T00:32:07.320450+09:00,grasp_retry_physical_first_miss,outputs/grasp-retry-validation/mixed-random-miss-first/config.json,1,mixed-random-miss-first,,checkpoints/shape_cnn_v1/best_model.pt,,,,camera,0,same_top_down_ik_contact_fresh_camera_after_recovery,1,0,1,1,,,,,,outputs/grasp-retry-validation/mixed-random-miss-first/sort/sort_result.json,injected fault=actual first close kept open; attempts=6; first attempt lift failed; recoveries=1; correct_arrivals=5; all final arrivals=True; max_retries=2; previous camera XY within 3cm used to associate retry target; no truth-coordinate correction; fixed edge size or random mixed seed1; selected conditions only
grasp-retry-drop-behind-cuboid,2026-10-06T00:35:33.889505+09:00,grasp_retry_physical_drop_outside_roi,outputs/grasp-retry-validation/drop-behind-cuboid/config.json,,drop-behind-cuboid,,checkpoints/shape_cnn_v1/best_model.pt,,,,camera,0,same_top_down_ik_contact_then_reverse_outer_arc,1,1,,,retry_target_not_found,,,,,outputs/grasp-retry-validation/drop-behind-cuboid/sort/sort_result.json,actual finger opening after carry arc; original cause=drop_during_transport; safe reverse arc/return and fresh scan complete; lost target outside camera ROI; no second grasp; expected safe stop met; arrival not evaluated after drop; positive/negative bin direction tested; synthetic collision errors are separate unit cases
grasp-retry-drop-behind-cylinder,2026-10-06T00:35:33.889565+09:00,grasp_retry_physical_drop_outside_roi,outputs/grasp-retry-validation/drop-behind-cylinder/config.json,,drop-behind-cylinder,,checkpoints/shape_cnn_v1/best_model.pt,,,,camera,0,same_top_down_ik_contact_then_reverse_outer_arc,1,1,,,retry_target_not_found,,,,,outputs/grasp-retry-validation/drop-behind-cylinder/sort/sort_result.json,actual finger opening after carry arc; original cause=drop_during_transport; safe reverse arc/return and fresh scan complete; lost target outside camera ROI; no second grasp; expected safe stop met; arrival not evaluated after drop; positive/negative bin direction tested; synthetic collision errors are separate unit cases
ros2-mixed-fixed,2026-10-07T14:54:54.524211+09:00,ros2_mixed_scene,outputs/ros2-validation/mixed-fixed/config.json,0,mixed-fixed,,checkpoints/shape_cnn_v1/best_model.pt,,,,camera,,top_down_ik_contact,1,,1,1,,,,,,outputs/ros2-validation/mixed-fixed/sort_result.json,"three ROS processes; 1 cuboid + 1 cylinder, fixed sizes, all 2 classified/lifted/correct bins/final stable; selected scene only; sim/wall duration not measured; no simulator truth used to correct grasp coordinates"
ros2-integration-random-five,2026-10-07T15:03:33.296652+09:00,ros2_mixed_scene,outputs/ros2-validation/integration-random-five/config.json,1,integration-random-five,,checkpoints/shape_cnn_v1/best_model.pt,,,,camera,,top_down_ik_contact,1,,1,1,,,,,,outputs/ros2-validation/integration-random-five/sort_result.json,"three ROS processes; 3 cuboids + 2 cylinders, random sizes, all 5 classified/lifted/correct bins/final stable; selected seed1 scene only; sim/wall duration not measured; no simulator truth used to correct grasp coordinates"
ros2-integration-stop,2026-10-07T15:03:35.573168+09:00,ros2_stop_probe,outputs/ros2-validation/integration-stop/config.json,0,integration-stop,,checkpoints/shape_cnn_v1/best_model.pt,,,,camera,,top_down_ik_contact,,,,,task_stopped,,,,,outputs/ros2-validation/integration-stop/sort_result.json,"stop during actual APPROACH; interrupted at next physics step; expected failure, not transport success; sim/wall duration not measured; no simulator truth used to correct grasp coordinates"
ros2-missing-perception,2026-10-07T15:03:35.699706+09:00,ros2_timeout_probe,outputs/ros2-validation/missing-perception/config.json,0,missing-perception,,,,,,camera,,top_down_ik_contact,,,,,communication_timeout,,,,,outputs/ros2-validation/missing-perception/sort_result.json,missing CNN checkpoint; manager timeout without any pick command; expected failure; sim/wall duration not measured; no simulator truth used to correct grasp coordinates
